"","stationcode","objectid","originalid","sampledate","evaluator","hydromodcomments","fullyarmoredcomments","area","precipitation","valleyslope","valleywidth","giscomments","d50estimated","d50","d50comments","bankheightl1","bankheightl2","bankheightl3","bankheightr1","bankheightr2","bankheightr3","bankheightcomments","bankanglel1","bankanglel2","bankanglel3","bankangler1","bankangler2","bankangler3","bankanglecomments","streambedstate","streambedstatecomments","armoringpotential","armoringpotentialcomments","gradecontrol","gradecontrolcomments","lateralsusceptibilityl","lateralsusceptibilityr","lateralsusceptibilitycomments","sourcefile","q10","num_index","vertrating","vertsuscept","vwi","massriskthreshl1","massriskthreshl2","massriskthreshl3","massriskthreshr1","massriskthreshr2","massriskthreshr3","masssusceptl1","masssusceptl2","masssusceptl3","masssusceptr1","masssusceptr2","masssusceptr3","latratingl1","latratingl2","latratingl3","latratingr1","latratingr2","latratingr3","averagelatsuscept","leftratingoverall","rightratingoverall","lateralratingoverall","projectcode","submissionid","lastchangedate","fullyarmored","record_origin","origin_lastupdatedate","record_publish","globalid","created_user","created_date","last_edited_user","last_edited_date","login_agency","login_email","login_owner","login_year","login_project","ceden_publish","masterid","latitude","longitude","huc","county","smcshed"
"1","402M00002",1,1,2015-08-13,"Karin Wisenbaker",NA," ",215,26,0,1065,NA,NA,1,NA,0,0,0,0,0,0," ",20,80,20,30,70,10,NA,"B",NA,"9"," ","9"," ",4,4,NA,"SMCHydromod_VCWPD_2015",687,NA,6,"MEDIUM",8,21,0,21,7,0,108,"LOW","HIGH","LOW","LOW","HIGH","LOW","HIGH","HIGH","HIGH","HIGH","HIGH","HIGH","HIGH","HIGH","HIGH","HIGH","SMC_VCWPD_2015",NA,2016-05-05 12:24:34,"false","SMC",2019-01-23 00:00:00,"true","{96BDD127-6752-4B3D-862A-6ED48C60D18E}",NA,NA,NA,NA,NA,NA,NA,NA,NA,NA,"402M00002",34.31063,-119.29916,402,"Ventura","Ventura"
"2","402M00005",2,2,2015-06-15,"Karin Wisenbaker",NA," ",25,36,0,225,NA,NA,230,NA,0,0,0,0,0,0," ",10,15,15,10,10,20,NA,"C",NA," "," "," "," ",3,3,NA,"SMCHydromod_VCWPD_2015",135,NA,3,"LOW",3,108,43,43,108,108,21,"LOW","LOW","LOW","LOW","LOW","LOW","MEDIUM","MEDIUM","MEDIUM","MEDIUM","MEDIUM","MEDIUM","MEDIUM","MEDIUM","MEDIUM","MEDIUM","SMC_VCWPD_2015",NA,2016-05-05 12:24:34,"false","SMC",2019-01-23 00:00:00,"true","{0746C55F-E1B6-4B20-A6CF-D8B7A16CC12A}",NA,NA,NA,NA,NA,NA,NA,NA,NA,NA,"402M00005",34.51364,-119.40097,402,"Ventura","Ventura"
"3","402M00009",3,3,2015-06-29,"Karin Wisenbaker",NA," ",12,28,0,94,NA,NA,21,NA,0,0,0,0,0,0," ",32,30,10,10,25,12,NA,"B",NA,"3"," ","9"," ",3,3,NA,"SMCHydromod_VCWPD_2015",61,NA,5,"MEDIUM",2,6,7,108,108,12,72,"LOW","LOW","LOW","LOW","LOW","LOW","MEDIUM","MEDIUM","MEDIUM","MEDIUM","MEDIUM","MEDIUM","MEDIUM","MEDIUM","MEDIUM","MEDIUM","SMC_VCWPD_2015",NA,2016-05-05 12:24:34,"false","SMC",2019-01-23 00:00:00,"true","{0922B9FD-422C-4326-BD79-42305B24EAA4}",NA,NA,NA,NA,NA,NA,NA,NA,NA,NA,"402M00009",34.41824,-119.37505,402,"Ventura","Ventura"
"4","402M00030",100,627,2017-04-19,"Karin Wisenbaker",NA,NA,80,31,0,219,"Examined on google maps, may not be agriculture",NA,90,NA,1,1,1,1,1,1,NA,15,15,15,25,20,15,NA,"C","NA",NA,"NA",NA,"NA",3,3,"NA","VCWPD Hydromod SMC 2017",331,0,3,"LOW",2,43,43,43,12,21,43,"LOW","LOW","LOW","LOW","LOW","LOW","MEDIUM","MEDIUM","MEDIUM","MEDIUM","MEDIUM","MEDIUM","MEDIUM",NA,NA,NA,NA,NA,NA,"false","SMC",2019-01-23 00:00:00,"true","{6D03F5B5-06F4-4CF7-AEDE-DB4F5BAE3809}",NA,NA,NA,NA,NA,NA,NA,NA,NA,NA,"402M00030",34.43881,-119.29959,402,"Ventura","Ventura"
"5","402M00042",101,628,2017-04-19,"Karin Wisenbaker",NA,NA,74,32,0,276,"Original stream coordinates within housing so stream sampling area moved to west main stem",NA,50,NA,1,1,0,0,0,0,NA,15,20,20,5,25,45,NA,"C","NA",NA,"NA",NA,"NA",3,3,"NA","VCWPD Hydromod SMC 2017",315,0,3,"LOW",3,43,21,21,484,12,2,"LOW","LOW","LOW","LOW","LOW","LOW","MEDIUM","MEDIUM","MEDIUM","MEDIUM","MEDIUM","MEDIUM","MEDIUM",NA,NA,NA,NA,NA,NA,"false","SMC",2019-01-23 00:00:00,"true","{95D0F84E-BCC9-48C0-8112-C891A52F2749}",NA,NA,NA,NA,NA,NA,NA,NA,NA,NA,"402M00042",34.46039,-119.28891,402,"Ventura","Ventura"
"6","402M00046",102,629,2017-04-26,"Karin Wisenbaker",NA,NA,80,31,0,1834,"Selected main stem instead of tributary, google earth indicated tributary connected to main stem",NA,90,NA,1,1,2,1,0,2,NA,30,2,15,10,30,15,NA,"C","NA",NA,"NA",NA,"NA",4,4,"NA","VCWPD Hydromod SMC 2017",332,0,3,"LOW",20,7,2037,43,108,7,43,"LOW","LOW","LOW","LOW","LOW","LOW","HIGH","HIGH","HIGH","HIGH","HIGH","HIGH","HIGH",NA,NA,NA,NA,NA,NA,"false","SMC",2019-01-23 00:00:00,"true","{E41C2769-073D-40E4-B3A2-3FD77BA0AEDB}",NA,NA,NA,NA,NA,NA,NA,NA,NA,NA,"402M00046",34.42402,-119.30011,402,"Ventura","Ventura"
"7","402M00058",154,6,2019-06-10,"Karin Wisenbaker","","",-88,-88,-88,-88,"",-88,-88,"",3,2,3,3,1,3,"",65,40,70,70,40,60,"","C","","NR","NR","NR","",3,3,"",NA,NA,NA,NA,"High",NA,NA,NA,NA,NA,NA,NA,NA,NA,NA,NA,NA,NA,NA,NA,NA,NA,NA,NA,"HIGH",NA,NA,NA,"SMC_VCWPD_2019",NA,NA,"No","SMC",2019-10-30 11:53:37,"false","{E79B454F-937D-43A8-8519-BE52E881C9BE}","checker",2019-10-30 11:53:37,"checker",2019-10-30 11:53:37,"ABCL","alexis@aquaticbioassay.com","VCWPD","2019","SMC",NA,"402M00058",34.44552,-119.29586,402,"Ventura","Ventura"
"10","402M00110",155,7,2019-06-10,"Karin Wisenbaker","","",-88,-88,-88,-88,"",-88,-88,"",2,3,4,2,2,2,"",30,35,45,60,75,45,"","C","","NR","NR","NR","",3,3,"",NA,NA,NA,NA,"LOW",NA,NA,NA,NA,NA,NA,NA,NA,NA,NA,NA,NA,NA,NA,NA,NA,NA,NA,NA,"LOW",NA,NA,NA,"SMC_VCWPD_2019",NA,NA,"No","SMC",2019-10-30 11:53:37,"false","{56F93764-6075-4EDF-98B3-B0C1F79995DF}","checker",2019-10-30 11:53:37,"checker",2019-10-30 11:53:37,"ABCL","alexis@aquaticbioassay.com","VCWPD","2019","SMC",NA,"402M00110",34.42735,-119.30364,402,"Ventura","Ventura"
"11","402M00127",156,8,2019-06-10,"Karin Wisenbaker","","",-88,-88,-88,-88,"",-88,-88,"",3,3,20,2,2,2,"",55,65,60,45,20,25,"","B","","C","NR","C","",5,4,"",NA,NA,NA,NA,"LOW",NA,NA,NA,NA,NA,NA,NA,NA,NA,NA,NA,NA,NA,NA,NA,NA,NA,NA,NA,"LOW",NA,NA,NA,"SMC_VCWPD_2019",NA,NA,"No","SMC",2019-10-30 11:53:37,"false","{34D92EC7-5612-4F1C-AA2E-6E12AE38CF05}","checker",2019-10-30 11:53:37,"checker",2019-10-30 11:53:37,"ABCL","alexis@aquaticbioassay.com","VCWPD","2019","SMC",NA,"402M00127",34.42503,-119.26342,402,"Ventura","Ventura"
"13","403CE0156",4,4,2015-06-11,"SM",NA," ",45,25,0,820,NA,NA,15,"Not in file",0,0,0,0,0,0," ",30,56,42,32,41,31,NA,"A",NA,NA," ",NA," ",4,4,NA,"Region 4 hydromod data",173,NA,9,"HIGH",12,7,1,2,6,3,6,"LOW","LOW","LOW","LOW","LOW","LOW","VERY HIGH","VERY HIGH","VERY HIGH","VERY HIGH","VERY HIGH","VERY HIGH","VERY HIGH","VERY HIGH","VERY HIGH","VERY HIGH","RWB4_SMC_2015",NA,2016-05-05 12:24:34,"false","SMC",2019-01-23 00:00:00,"true","{04BCDA3D-E514-4E23-9941-A056BE38E488}",NA,NA,NA,NA,NA,NA,NA,NA,NA,NA,"403CE0156",34.37746,-119.05968,403,"Ventura","Santa Clara"
"14","403CE0188",5,5,2015-06-10,"SM",NA," ",45,25,0,1108,NA,NA,2,"Not in file",4,4,4,4,4,4," ",40,40,40,40,40,40,NA,"A",NA,NA," ",NA," ",1,1,NA,"Region 4 hydromod data",174,NA,9,"HIGH",16,3,3,3,3,3,3,"HIGH","HIGH","HIGH","HIGH","HIGH","HIGH","LOW","LOW","LOW","LOW","LOW","LOW","LOW","LOW","LOW","LOW","RWB4_SMC_2015",NA,2016-05-05 12:24:34,"false","SMC",2019-01-23 00:00:00,"true","{2FB2F479-4B26-42E8-856D-F9177B1D9D70}",NA,NA,NA,NA,NA,NA,NA,NA,NA,NA,"403CE0188",34.35646,-119.04752,403,"Ventura","Santa Clara"
"15","403M01505",6,6,2015-06-29,"Karin Wisenbaker",NA," ",0,20,0,605,NA,NA,1,NA,0,0,0,0,0,0," ",13,55,30,15,24,14,NA,"B",NA,"6"," ","9"," ",1,2,NA,"SMCHydromod_VCWPD_2015",0,NA,3,"LOW",100,60,1,7,43,13,50,"LOW","LOW","LOW","LOW","LOW","LOW","LOW","LOW","LOW","MEDIUM","HIGH","MEDIUM","MEDIUM","LOW","HIGH","HIGH","SMC_VCWPD_2015",NA,2016-05-05 12:24:34,"false","SMC",2019-01-23 00:00:00,"true","{3AB5A524-7E6C-4630-A113-936E7FEAF564}",NA,NA,NA,NA,NA,NA,NA,NA,NA,NA,"403M01505",34.41709,-118.92546,403,"Ventura","Santa Clara"
"16","403M01506",7,7,2015-06-17,"Karin Wisenbaker",NA," ",1110,19,0,2396,"Area above max value 850",NA,5,NA,0,0,0,0,0,0," ",5,40,20,20,10,75,NA,"A",NA," "," "," "," ",4,4,NA,"SMCHydromod_VCWPD_2015",2280,NA,9,"HIGH",11,484,3,21,21,108,0,"LOW","LOW","LOW","LOW","LOW","HIGH","VERY HIGH","VERY HIGH","VERY HIGH","VERY HIGH","VERY HIGH","VERY HIGH","VERY HIGH","VERY HIGH","VERY HIGH","VERY HIGH","SMC_VCWPD_2015",NA,2016-05-05 12:24:34,"false","SMC",2019-01-23 00:00:00,"true","{A4D35894-BC36-406D-B3AC-CFC840E93E32}",NA,NA,NA,NA,NA,NA,NA,NA,NA,NA,"403M01506",34.39739,-118.79347,403,"Ventura","Santa Clara"
"17","403M01538",103,630,2017-05-25,"Karin Wisenbaker",NA,NA,23,21,0,163,NA,NA,15,NA,0,0,0,0,0,0,NA,15,40,30,60,70,35,NA,"A","NA",NA,"NA",NA,"NA",4,4,"NA","VCWPD Hydromod SMC 2017",84,0,9,"High",3,43,3,7,0,0,4,"LOW","LOW","LOW","LOW","LOW","LOW","VERY HIGH","VERY HIGH","VERY HIGH","VERY HIGH","VERY HIGH","VERY HIGH","VERY HIGH",NA,NA,NA,NA,NA,NA,"false","SMC",2019-01-23 00:00:00,"true","{B68F6349-562D-4DF8-A2BF-39DE8458335F}",NA,NA,NA,NA,NA,NA,NA,NA,NA,NA,"403M01538",34.41199,-118.83067,403,"Ventura","Santa Clara"
"18","403M01539",104,631,2017-04-20,"Wendy Willis",NA,NA,9,27,0,530,NA,NA,70,NA,0,0,1,0,0,1,NA,35,50,43,45,62,28,NA,"C","NA",NA,"NA",NA,"NA",3,2,"NA","VCWPD Hydromod SMC 2017",46,0,3,"LOW",14,4,1,2,2,0,9,"LOW","LOW","LOW","LOW","HIGH","LOW","MEDIUM","MEDIUM","MEDIUM","HIGH","HIGH","HIGH","MEDIUM",NA,NA,NA,NA,NA,NA,"false","SMC",2019-01-23 00:00:00,"true","{FA78C49F-84EB-4768-9DB6-D25AE4D862D7}",NA,NA,NA,NA,NA,NA,NA,NA,NA,NA,"403M01539",34.54733,-119.16554,403,"Ventura","Santa Clara"
"19","403M01553",105,632,2017-05-25,"Karin Wisenbaker",NA,NA,253,26,0,682,NA,NA,20,NA,0,0,0,1,0,0,NA,35,30,50,25,40,60,NA,"B","NA","3","NA","9","NA",4,2,"NA","VCWPD Hydromod SMC 2017",796,0,5,"MEDIUM",5,4,7,1,12,3,0,"LOW","LOW","LOW","LOW","LOW","LOW","HIGH","HIGH","HIGH","HIGH","HIGH","HIGH","HIGH",NA,NA,NA,NA,NA,NA,"false","SMC",2019-01-23 00:00:00,"true","{5A24ED53-D392-4393-A182-57B0A66DC7BF}",NA,NA,NA,NA,NA,NA,NA,NA,NA,NA,"403M01553",34.43845,-118.92539,403,"Ventura","Santa Clara"
"20","403M01560",153,5,2019-05-15,"Alexis Wallengren","","",-88,-88,-88,-88,"",-88,-88,"",1,1,1,1,1,1,"",30,34,22,30,31,28,"","A","","NR","NR","NR","",4,4,"",NA,NA,NA,NA,"High",NA,NA,NA,NA,NA,NA,NA,NA,NA,NA,NA,NA,NA,NA,NA,NA,NA,NA,NA,"HIGH",NA,NA,NA,"SMC_VCWPD_2019",NA,NA,"No","SMC",2019-10-30 11:53:37,"false","{D5D43079-0F66-4F5B-80E2-F4D06A44E8D3}","checker",2019-10-30 11:53:37,"checker",2019-10-30 11:53:37,"ABCL","alexis@aquaticbioassay.com","VCWPD","2019","SMC",NA,"403M01560",34.23545,-119.21253,403,"Ventura","Santa Clara"
"21","403M01571",161,13,2019-06-19,"Alexis Wallengren","","",-88,-88,-88,-88,"",-88,-88,"",1,1,1,1,1,1,"",17,20,57,68,43,0,"tree full of debris blocking right bank at K","C","","NR","NR","NR","",2,2,"",NA,NA,NA,NA,"High",NA,NA,NA,NA,NA,NA,NA,NA,NA,NA,NA,NA,NA,NA,NA,NA,NA,NA,NA,"MEDIUM",NA,NA,NA,"SMC_VCWPD_2019",NA,NA,"No","SMC",2019-10-30 11:53:37,"false","{AFF98745-45D6-45B1-B9F8-D8C5EDECD3C3}","checker",2019-10-30 11:53:37,"checker",2019-10-30 11:53:37,"ABCL","alexis@aquaticbioassay.com","VCWPD","2019","SMC",NA,"403M01571",34.58667,-119.27994,403,"Ventura","Santa Clara"
"23","403M01580",152,4,2019-05-15,"Alexis Wallengren","","",-88,-88,-88,-88,"",-88,-88,"",1,1,1,1,1,1,"",24,40,47,19,21,62,"","A","","NR","NR","NR","",4,4,"",NA,NA,NA,NA,"High",NA,NA,NA,NA,NA,NA,NA,NA,NA,NA,NA,NA,NA,NA,NA,NA,NA,NA,NA,"HIGH",NA,NA,NA,"SMC_VCWPD_2019",NA,NA,"No","SMC",2019-10-30 11:53:37,"false","{69A3B371-67F7-4895-9649-35178CD0C378}","checker",2019-10-30 11:53:37,"checker",2019-10-30 11:53:37,"ABCL","alexis@aquaticbioassay.com","VCWPD","2019","SMC",NA,"403M01580",34.23495,-119.23075,403,"Ventura","Santa Clara"
"26","403M05757",8,8,2015-06-29,"DO/MM",NA," ",19,18,0,57,NA,NA,1,NA,1,1,1,1,1,1," ",50,60,85,35,45,35,NA,"B",NA,"9"," ","9"," ",5,5,NA,"LA SMC tblHydromod (2)",64,NA,6,"MEDIUM",1,1,0,0,4,2,4,"LOW","HIGH","HIGH","LOW","LOW","LOW","HIGH","HIGH","HIGH","HIGH","HIGH","HIGH","HIGH","HIGH","HIGH","HIGH","SMC_LACFCD_2015",NA,2016-05-05 12:24:34,"false","SMC",2019-01-23 00:00:00,"true","{723F31B9-96C8-4C90-8629-4C38DEBFDB04}",NA,NA,NA,NA,NA,NA,NA,NA,NA,NA,"403M05757",34.54518,-118.43467,403,"Los Angeles","Santa Clara"
"27","403M05758",9,9,2015-06-29,"DO/MM",NA," ",418,17,0,558,NA,NA,1,NA,2,1,1,1,1,1," ",30,40,30,20,15,25,NA,"A",NA,NA," ",NA," ",5,5,NA,"LA SMC tblHydromod (2)",893,NA,9,"HIGH",4,7,3,7,21,43,12,"LOW","LOW","LOW","LOW","LOW","LOW","VERY HIGH","VERY HIGH","VERY HIGH","VERY HIGH","VERY HIGH","VERY HIGH","VERY HIGH","VERY HIGH","VERY HIGH","VERY HIGH","SMC_LACFCD_2015",NA,2016-05-05 12:24:34,"false","SMC",2019-01-23 00:00:00,"true","{F9A99DDD-FF9B-4035-B552-C5FDEB5F8644}",NA,NA,NA,NA,NA,NA,NA,NA,NA,NA,"403M05758",34.43484,-118.61254,403,"Los Angeles","Santa Clara"
"28","403M05771",10,10,2015-04-30,"DO/MM",NA," ",60,15,0,70,NA,NA,1,NA,1,1,2,1,2,2," ",30,35,25,20,35,20,NA,"A",NA,NA," ",NA," ",5,5,NA,"LA SMC tblHydromod (2)",149,NA,9,"HIGH",1,7,4,12,21,4,21,"LOW","LOW","LOW","LOW","LOW","LOW","HIGH","HIGH","HIGH","HIGH","HIGH","HIGH","HIGH","HIGH","HIGH","HIGH","SMC_LACFCD_2015",NA,2016-05-05 12:24:34,"false","SMC",2019-01-23 00:00:00,"true","{482CBF2F-2B90-459B-ACD4-1832B7584F98}",NA,NA,NA,NA,NA,NA,NA,NA,NA,NA,"403M05771",34.69939,-118.79476,403,"Los Angeles","Santa Clara"
"29","403M05785",106,633,2017-06-06,"DO/NC",NA,NA,1,21,0,9,NA,NA,-88,NA,3,1,2,1,2,1,NA,55,40,65,10,60,15,NA,"C","NA",NA,"NA",NA,"NA",1,1,"NA","LACFCD_Weston_2017_SMCHydromodTemplate_08_20_2015-2_More",5,0,3,"LOW",0,1,3,0,108,0,43,"HIGH","LOW","HIGH","LOW","HIGH","LOW","LOW","LOW","LOW","LOW","LOW","LOW","LOW",NA,NA,NA,NA,NA,NA,"false","SMC",2019-01-23 00:00:00,"true","{412A38B0-4857-4843-B93D-2DBB32B574A4}",NA,NA,NA,NA,NA,NA,NA,NA,NA,NA,"403M05785",34.37091,-118.47199,403,"Los Angeles","Santa Clara"
"30","403M05795",107,634,2017-06-05,"DO/NC",NA,NA,309,21,0,44,NA,NA,-88,NA,2,1,2,4,3,2,NA,35,35,75,65,90,25,NA,"C","NA",NA,"NA",NA,"NA",3,3,"NA","LACFCD_Weston_2017_SMCHydromodTemplate_08_20_2015-2_More",813,0,3,"LOW",0,4,4,0,0,0,12,"LOW","LOW","HIGH","HIGH","HIGH","LOW","LOW","LOW","LOW","LOW","LOW","LOW","LOW",NA,NA,NA,NA,NA,NA,"false","SMC",2019-01-23 00:00:00,"true","{55CA7CCD-6D75-4E7A-8282-150DBEF7310E}",NA,NA,NA,NA,NA,NA,NA,NA,NA,NA,"403M05795",34.60898,-118.77961,403,"Los Angeles","Santa Clara"
"31","403M05832",235,87,2019-06-27,"Damon Owen","","",-88,-88,-88,-88,"",-88,-88,"",1,2,2,2,4,1,"",35,35,35,65,75,20,"","A","","NR","NR","NR","",5,5,"",NA,NA,NA,NA,"High",NA,NA,NA,NA,NA,NA,NA,NA,NA,NA,NA,NA,NA,NA,NA,NA,NA,NA,NA,"MEDIUM",NA,NA,NA,"SMC_LACFCD_2019",NA,NA,"No","SMC",2020-01-30 15:36:24,"false","{18E003C9-3858-4F22-8FBC-98024AB9A659}","checker",2020-01-30 15:36:24,"checker",2020-01-30 15:36:24,"WestonSolu","damon.owen@westonsolutions.com","LACFCD","2019","SMC",NA,"403M05832",34.54997,-118.50855,403,"Los Angeles","Santa Clara"
"32","403M05844",234,86,2019-06-20,"Damon Owen","","",-88,-88,-88,-88,"",-88,-88,"",1,1,2,3,2,3,"",20,15,30,40,25,35,"","A","","NR","NR","NR","",2,2,"",NA,NA,NA,NA,"MEDIUM",NA,NA,NA,NA,NA,NA,NA,NA,NA,NA,NA,NA,NA,NA,NA,NA,NA,NA,NA,"LOW",NA,NA,NA,"SMC_LACFCD_2019",NA,NA,"No","SMC",2020-01-30 15:36:24,"false","{0F0B7980-A09E-4CCF-8125-ED59A7EF8CAB}","checker",2020-01-30 15:36:24,"checker",2020-01-30 15:36:24,"WestonSolu","damon.owen@westonsolutions.com","LACFCD","2019","SMC",NA,"403M05844",34.59423,-118.56356,403,"Los Angeles","Santa Clara"
"35","403R4S117",11,11,2015-04-28,"SM/WJ",NA," ",NA,NA,NA,NA,NA,NA,5,"Not in file",0,0,0,0,0,0," ",30,15,20,25,20,25,NA,"A",NA,NA," ",NA," ",4,4,NA,"Region 4 hydromod data",NA,NA,9,"HIGH",NA,7,43,21,12,21,12,"LOW","LOW","LOW","LOW","LOW","LOW","Unk","Unk","Unk","Unk","Unk","Unk"," "," "," "," ","RWB4_SMC_2015",NA,2016-05-05 12:24:34,"false","SMC",2019-01-23 00:00:00,"true","{3C1CA641-6147-4B7A-9D32-B79170F2B462}",NA,NA,NA,NA,NA,NA,NA,NA,NA,NA,"403R4S117",34.58739,-118.45116,403,"Los Angeles","Santa Clara"
"36","403R4S137",12,12,2015-04-28,"SM/WJ",NA," ",NA,NA,NA,NA,NA,NA,-88,"Not in file",0,0,0,0,0,0," ",25,30,30,20,30,30,NA,NA,NA,NA," ",NA," ",1,1,NA,"Region 4 hydromod data",NA,NA,3,"LOW",NA,12,7,7,21,7,7,"LOW","LOW","LOW","LOW","LOW","LOW","LOW","LOW","LOW","LOW","LOW","LOW","LOW","LOW","LOW","LOW","RWB4_SMC_2015",NA,2016-05-05 12:24:34,"true","SMC",2019-01-23 00:00:00,"true","{E0ADE9BE-0BDE-49C5-B25C-184A0DD9AE55}",NA,NA,NA,NA,NA,NA,NA,NA,NA,NA,"403R4S137",34.44605,-118.4892,403,"Los Angeles","Santa Clara"
"37","403R4S193",13,13,2015-04-29,"SM",NA," ",NA,NA,NA,NA,NA,NA,15,"Not in file",0,0,0,0,0,0," ",25,10,25,20,15,15,NA,"A",NA,"C"," ","C"," ",3,3,NA,"Region 4 hydromod data",NA,NA,9,"HIGH",NA,12,108,12,21,43,43,"LOW","LOW","LOW","LOW","LOW","LOW","Unk","Unk","Unk","Unk","Unk","Unk"," "," "," "," ","RWB4_SMC_2015",NA,2016-05-05 12:24:34,"false","SMC",2019-01-23 00:00:00,"true","{195B7340-7A13-44E4-9F2D-FA3681490A83}",NA,NA,NA,NA,NA,NA,NA,NA,NA,NA,"403R4S193",34.41722,-118.78927,403,"Ventura","Santa Clara"
"38","403R4S211",14,14,2015-04-28,"SM",NA," ",NA,NA,NA,NA,NA,NA,2,"Not in file",0,0,0,0,0,0," ",15,5,3,15,5,5,NA,"A",NA,NA," ",NA," ",4,4,NA,"Region 4 hydromod data",NA,NA,9,"HIGH",NA,43,484,1400,43,484,484,"LOW","LOW","LOW","LOW","LOW","LOW","Unk","Unk","Unk","Unk","Unk","Unk"," "," "," "," ","RWB4_SMC_2015",NA,2016-05-05 12:24:34,"false","SMC",2019-01-23 00:00:00,"true","{509C4A1E-BF0B-4794-A307-F0D979DC50E6}",NA,NA,NA,NA,NA,NA,NA,NA,NA,NA,"403R4S211",34.57232,-118.46287,403,"Los Angeles","Santa Clara"
"39","403WE0534",15,15,2015-06-08,"SM",NA," ",310,21,0,42,NA,NA,22,"Not in file",0,0,0,0,0,0," ",14,15,17,12,13,14,NA,"A",NA,NA," ",NA," ",4,4,NA,"Region 4 hydromod data",815,NA,9,"HIGH",0,50,43,32,72,60,50,"LOW","LOW","LOW","LOW","LOW","LOW","HIGH","HIGH","HIGH","HIGH","HIGH","HIGH","HIGH","HIGH","HIGH","HIGH","RWB4_SMC_2015",NA,2016-05-05 12:24:34,"false","SMC",2019-01-23 00:00:00,"true","{D9DC12C4-A208-4C13-8010-932016F1C29A}",NA,NA,NA,NA,NA,NA,NA,NA,NA,NA,"403WE0534",34.61359,-118.77983,403,"Los Angeles","Santa Clara"
"40","403WE0535",16,16,2015-06-10,"SM/WJ",NA," ",432,21,0,484,NA,NA,35,"Not in file",0,0,0,0,0,0," ",4,3,4,2,4,6,NA,"A",NA,NA," ",NA," ",4,4,NA,"Region 4 hydromod data",1073,NA,9,"HIGH",3,772,1400,772,3216,772,329,"LOW","LOW","LOW","LOW","LOW","LOW","VERY HIGH","VERY HIGH","VERY HIGH","VERY HIGH","VERY HIGH","VERY HIGH","VERY HIGH","VERY HIGH","VERY HIGH","VERY HIGH","RWB4_SMC_2015",NA,2016-05-05 12:24:34,"false","SMC",2019-01-23 00:00:00,"true","{D816B1F0-A199-4A18-909E-CD50C9034134}",NA,NA,NA,NA,NA,NA,NA,NA,NA,NA,"403WE0535",34.43957,-118.75907,403,"Ventura","Santa Clara"
"41","403WE0682",17,17,2015-06-09,"WJ",NA," ",14,18,0,101,NA,NA,15,"Not in file",0,0,0,0,0,0," ",20,30,35,30,35,50,NA,"A",NA,NA," ",NA," ",4,4,NA,"Region 4 hydromod data",49,NA,9,"HIGH",2,21,7,4,7,4,1,"LOW","LOW","LOW","LOW","LOW","LOW","VERY HIGH","VERY HIGH","VERY HIGH","VERY HIGH","VERY HIGH","VERY HIGH","VERY HIGH","VERY HIGH","VERY HIGH","VERY HIGH","RWB4_SMC_2015",NA,2016-05-05 12:24:34,"false","SMC",2019-01-23 00:00:00,"true","{947B2C53-8504-47A8-8BD8-8183B4D16A09}",NA,NA,NA,NA,NA,NA,NA,NA,NA,NA,"403WE0682",34.57066,-118.38974,403,"Los Angeles","Santa Clara"
"42","403WE1021",18,18,2015-06-09,"SM",NA," ",37,21,0,40,NA,NA,35,"Not in file",0,0,0,0,0,0," ",3,6,6,2,4,7,NA,"A",NA,NA," ",NA," ",4,4,NA,"Region 4 hydromod data",130,NA,9,"HIGH",0,1400,329,329,3216,772,236,"LOW","LOW","LOW","LOW","LOW","LOW","HIGH","HIGH","HIGH","HIGH","HIGH","HIGH","HIGH","HIGH","HIGH","HIGH","RWB4_SMC_2015",NA,2016-05-05 12:24:34,"false","SMC",2019-01-23 00:00:00,"true","{E5E0DCAE-2CAE-4264-935E-63FAA4724E66}",NA,NA,NA,NA,NA,NA,NA,NA,NA,NA,"403WE1021",34.63193,-118.52977,403,"Los Angeles","Santa Clara"
"43","404M04517",108,635,2017-04-26,"Karin Wisenbaker",NA,NA,4,19,0,76,NA,NA,5,NA,0,0,0,0,0,0,NA,25,30,40,15,15,45,NA,"B","NA","9","NA","9","NA",2,2,"NA","VCWPD Hydromod SMC 2017",18,0,6,"MEDIUM",3,12,7,3,43,43,2,"LOW","LOW","LOW","LOW","LOW","LOW","HIGH","HIGH","HIGH","MEDIUM","MEDIUM","HIGH","HIGH",NA,NA,NA,NA,NA,NA,"false","SMC",2019-01-23 00:00:00,"true","{F3636141-4D0D-4740-B17C-46442F4D8C37}",NA,NA,NA,NA,NA,NA,NA,NA,NA,NA,"404M04517",34.17649,-118.70612,404,"Ventura","Santa Monica Bay"
"44","404M04532",19,19,2015-07-14,"Karin Wisenbaker",NA," ",2,17,0,646,"Area made up of larger watershed minus the right trib that needed to be demarcated separately",NA,1,NA,0,0,0,0,0,0," ",40,12,12,78,10,45,NA,"B",NA,"9"," ","9"," ",4,1,NA,"SMCHydromod_VCWPD_2015",9,NA,6,"MEDIUM",34,3,72,72,0,108,2,"LOW","LOW","LOW","HIGH","LOW","LOW","HIGH","HIGH","HIGH","LOW","LOW","LOW","MEDIUM","HIGH","LOW","HIGH","SMC_VCWPD_2015",NA,2016-05-05 12:24:34,"false","SMC",2019-01-23 00:00:00,"true","{9EE850DE-CBC9-4B7E-86FA-2C893A0E4F2E}",NA,NA,NA,NA,NA,NA,NA,NA,NA,NA,"404M04532",34.1744,-118.78748,404,"Ventura","Santa Monica Bay"
"46","404M04674",150,2,2019-05-09,"Karin Wisenbaker","","",-88,-88,-88,-88,"",-88,-88,"",6,6,6,6,6,6,"",35,45,60,35,25,45,"","A","","NR","NR","NR","",1,1,"",NA,NA,NA,NA,"High",NA,NA,NA,NA,NA,NA,NA,NA,NA,NA,NA,NA,NA,NA,NA,NA,NA,NA,NA,"LOW",NA,NA,NA,"SMC_VCWPD_2019",NA,NA,"No","SMC",2019-10-30 11:53:37,"false","{C6E1559B-09C3-45C6-AF1E-11A001449BAD}","checker",2019-10-30 11:53:37,"checker",2019-10-30 11:53:37,"ABCL","alexis@aquaticbioassay.com","VCWPD","2019","SMC",NA,"404M04674",34.1462,-118.85088,404,"Ventura","Santa Monica Bay"
"47","404M07346",20,20,2015-07-01,"DO/MM",NA," ",2,15,0,8,NA,NA,5660,NA,3,4,3,3,3,2," ",75,80,65,65,65,45,NA,"C",NA,NA," ",NA," ",1,1,NA,"LA SMC tblHydromod (2)",7,NA,3,"LOW",0,0,0,0,0,0,2,"HIGH","HIGH","HIGH","HIGH","HIGH","LOW","LOW","LOW","LOW","LOW","LOW","LOW","LOW","LOW","LOW","LOW","SMC_LACFCD_2015",NA,2016-05-05 12:24:34,"false","SMC",2019-01-23 00:00:00,"true","{67D49D06-EEE7-46C0-B68F-868AC8175F5E}",NA,NA,NA,NA,NA,NA,NA,NA,NA,NA,"404M07346",33.8024,-118.39639,404,"Los Angeles","Santa Monica Bay"
"48","404M07349",21,21,2015-07-15,"DO/MM",NA," ",105,19,0,68,NA,NA,215,NA,2,2,2,2,2,2," ",25,15,20,30,35,20,NA,"B",NA,"3"," ","9"," ",1,1,NA,"LA SMC tblHydromod (2)",289,NA,3,"LOW",0,12,43,21,7,4,21,"LOW","LOW","LOW","LOW","LOW","LOW","LOW","LOW","LOW","LOW","LOW","LOW","LOW","LOW","LOW","LOW","SMC_LACFCD_2015",NA,2016-05-05 12:24:34,"false","SMC",2019-01-23 00:00:00,"true","{4989A81C-1CBB-4F3D-BE06-ECE373B3A213}",NA,NA,NA,NA,NA,NA,NA,NA,NA,NA,"404M07349",34.07803,-118.70166,404,"Los Angeles","Santa Monica Bay"
"49","404M07360",109,636,2017-06-08,"DO/NC",NA,NA,5,18,0,1441,NA,NA,-88,NA,5,5,5,5,5,5,NA,45,45,45,45,45,45,NA,"B","NA","9","NA","6","NA",1,1,"NA","LACFCD_Weston_2017_SMCHydromodTemplate_08_20_2015-2_More",20,0,4,"MEDIUM",54,2,2,2,2,2,2,"HIGH","HIGH","HIGH","HIGH","HIGH","HIGH","LOW","LOW","LOW","LOW","LOW","LOW","LOW",NA,NA,NA,NA,NA,NA,"false","SMC",2019-01-23 00:00:00,"true","{70B06EBD-BC55-4D6E-9043-B1FF903E372E}",NA,NA,NA,NA,NA,NA,NA,NA,NA,NA,"404M07360",34.15459,-118.75848,404,"Los Angeles","Santa Monica Bay"
"50","404M07361",110,637,2017-06-06,"DO/NC",NA,NA,3,23,0,5,NA,NA,-88,NA,2,2,2,2,1,1,NA,80,35,90,90,40,70,NA,"C","NA",NA,"NA",NA,"NA",1,1,"NA","LACFCD_Weston_2017_SMCHydromodTemplate_08_20_2015-2_More",18,0,3,"LOW",0,0,4,0,0,3,0,"HIGH","LOW","HIGH","HIGH","LOW","HIGH","LOW","LOW","LOW","LOW","LOW","LOW","LOW",NA,NA,NA,NA,NA,NA,"false","SMC",2019-01-23 00:00:00,"true","{7F483CB6-B807-4B89-9B06-BE791BC04DBE}",NA,NA,NA,NA,NA,NA,NA,NA,NA,NA,"404M07361",34.10164,-118.62119,404,"Los Angeles","Santa Monica Bay"
"51","404M07362",111,638,2017-06-08,"DO/NC",NA,NA,1,15,0,1853,"Not a real valley, west end connects to Pacific Ocean",NA,-88,NA,1,1,1,2,1,1,NA,20,20,15,35,15,25,NA,"A","NA",NA,"NA",NA,"NA",2,2,"NA","LACFCD_Weston_2017_SMCHydromodTemplate_08_20_2015-2_More",6,0,9,"High",115,21,21,43,4,43,12,"LOW","LOW","LOW","LOW","LOW","LOW","HIGH","HIGH","HIGH","VERY HIGH","HIGH","VERY HIGH","HIGH",NA,NA,NA,NA,NA,NA,"false","SMC",2019-01-23 00:00:00,"true","{8F838404-DCF1-4D5F-8C4C-6E07AC0B5A37}",NA,NA,NA,NA,NA,NA,NA,NA,NA,NA,"404M07362",33.8009,-118.38703,404,"Los Angeles","Santa Monica Bay"
"52","404M07372",233,85,2019-07-09,"Damon Owen","","",-88,-88,-88,-88,"",-88,-88,"",2,1,1,2,1,2,"",30,35,35,35,40,40,"","B","","B","NR","C","",3,2,"",NA,NA,NA,NA,"MEDIUM",NA,NA,NA,NA,NA,NA,NA,NA,NA,NA,NA,NA,NA,NA,NA,NA,NA,NA,NA,"LOW",NA,NA,NA,"SMC_LACFCD_2019",NA,NA,"No","SMC",2020-01-30 15:36:24,"false","{04285557-B157-46C6-A9F7-2E77B28D21A4}","checker",2020-01-30 15:36:24,"checker",2020-01-30 15:36:24,"WestonSolu","damon.owen@westonsolutions.com","LACFCD","2019","SMC",NA,"404M07372",34.13604,-118.75743,404,"Los Angeles","Santa Monica Bay"
"53","404M07375",232,84,2019-05-14,"Damon Owen","","",-88,-88,-88,-88,"",-88,-88,"",3,2,2,3,2,2,"",45,15,20,40,50,35,"","B","","C","NR","B","",1,1,"",NA,NA,NA,NA,"MEDIUM",NA,NA,NA,NA,NA,NA,NA,NA,NA,NA,NA,NA,NA,NA,NA,NA,NA,NA,NA,"MEDIUM",NA,NA,NA,"SMC_LACFCD_2019",NA,NA,"No","SMC",2020-01-30 15:36:24,"false","{F182E9D5-7196-453C-AFE3-691FD7830233}","checker",2020-01-30 15:36:24,"checker",2020-01-30 15:36:24,"WestonSolu","damon.owen@westonsolutions.com","LACFCD","2019","SMC",NA,"404M07375",34.0915,-118.6697,404,"Los Angeles","Santa Monica Bay"
"54","404M07376",231,83,2019-07-09,"Damon Owen","","",-88,-88,-88,-88,"",-88,-88,"",3,3,1,2,2,2,"",40,40,30,30,90,45,"","B","","B","NR","B","",4,4,"",NA,NA,NA,NA,"LOW",NA,NA,NA,NA,NA,NA,NA,NA,NA,NA,NA,NA,NA,NA,NA,NA,NA,NA,NA,"LOW",NA,NA,NA,"SMC_LACFCD_2019",NA,NA,"No","SMC",2020-01-30 15:36:24,"false","{5B812623-5489-43FE-9593-A2678DBB60AA}","checker",2020-01-30 15:36:24,"checker",2020-01-30 15:36:24,"WestonSolu","damon.owen@westonsolutions.com","LACFCD","2019","SMC",NA,"404M07376",34.08222,-118.68792,404,"Los Angeles","Santa Monica Bay"
"57","404R4S009",22,22,2015-04-30,"SM/WJ",NA," ",NA,NA,NA,NA,NA,NA,22,"Not in file",0,0,0,0,0,0," ",25,15,20,35,40,20,NA,NA,NA,NA," ",NA," ",1,1,NA,"Region 4 hydromod data",NA,NA,-88,"Unk",NA,12,43,21,4,3,21,"LOW","LOW","LOW","LOW","LOW","LOW","LOW","LOW","LOW","LOW","LOW","LOW","LOW","LOW","LOW","LOW","RWB4_SMC_2015",NA,2016-05-05 12:24:34,"false","SMC",2019-01-23 00:00:00,"true","{FB2B26FF-9327-4460-9407-FAE2EAF41603}",NA,NA,NA,NA,NA,NA,NA,NA,NA,NA,"404R4S009",34.17601,-118.76169,404,"Ventura","Santa Monica Bay"
"58","404R4S015",23,23,2015-04-29,"SM/WJ",NA," ",NA,NA,NA,NA,NA,NA,-88,"Not in file",0,0,0,0,0,0," ",25,30,20,40,60,15,NA,NA,NA,NA," ",NA," ",1,1,NA,"Region 4 hydromod data",NA,NA,3,"LOW",NA,12,7,21,3,0,43,"LOW","LOW","LOW","LOW","LOW","LOW","LOW","LOW","LOW","LOW","LOW","LOW","LOW","LOW","LOW","LOW","RWB4_SMC_2015",NA,2016-05-05 12:24:34,"true","SMC",2019-01-23 00:00:00,"true","{015D4025-B8EC-400A-84F8-BA09D0946795}",NA,NA,NA,NA,NA,NA,NA,NA,NA,NA,"SMC03944",34.14255,-118.75224,404,"Ventura","Santa Monica Bay"
"59","404R4S070",24,24,2015-05-27,"SM",NA," ",NA,NA,NA,NA,NA,NA,40,"Not in file",0,0,0,0,0,0," ",28,24,24,30,26,16,NA,"B",NA,"C"," ","C"," ",4,4,NA,"Region 4 hydromod data",NA,NA,-88,"Unk",NA,9,13,13,7,11,37,"LOW","LOW","LOW","LOW","LOW","LOW","Unk","Unk","Unk","Unk","Unk","Unk"," "," "," "," ","RWB4_SMC_2015",NA,2016-05-05 12:24:34,"false","SMC",2019-01-23 00:00:00,"true","{0CA93C26-520B-4571-9F34-39333D17C836}",NA,NA,NA,NA,NA,NA,NA,NA,NA,NA,"404R4S070",34.042,-118.89747,404,"Los Angeles","Santa Monica Bay"
"60","404R4S089",25,25,2015-05-28,"SM",NA," ",NA,NA,NA,NA,NA,NA,-88,"Not in file",NA,NA,NA,NA,NA,NA," ",NA,NA,NA,NA,NA,NA,NA,"C",NA,NA," ",NA," ",1,1,NA,"Region 4 hydromod data",NA,NA,3,"LOW",NA,NA,NA,NA,NA,NA,NA," "," "," "," "," "," ","LOW","LOW","LOW","LOW","LOW","LOW","LOW","LOW","LOW","LOW","RWB4_SMC_2015",NA,2016-05-05 12:24:34,"true","SMC",2019-01-23 00:00:00,"true","{7E8D469E-90AA-41A5-95F4-5F318F62F2FD}",NA,NA,NA,NA,NA,NA,NA,NA,NA,NA,"404R4S089",33.98426,-118.41426,404,"Los Angeles","Santa Monica Bay"
"61","405CE0280",194,46,2019-08-05,"Alexis Wallengren","","",-88,-88,-88,-88,"",-88,-88,"",1,1,1,1,1,1,"",56,15,63,34,52,38,"","B","","C","NR","C","",3,3,"",NA,NA,NA,NA,"MEDIUM",NA,NA,NA,NA,NA,NA,NA,NA,NA,NA,NA,NA,NA,NA,NA,NA,NA,NA,NA,"LOW",NA,NA,NA,"SMC_SGRRMP_2019",NA,NA,"No","SMC",2019-10-31 09:25:05,"false","{1A51B0B3-8F64-42D9-A9DC-E4E9F692BFF1}","checker",2019-10-31 09:25:05,"checker",2019-10-31 09:25:05,"ABCL","alexis@aquaticbioassay.com","SGRRMP","2019","SMC",NA,"405CE0280",34.23041,-117.74981,405,"Los Angeles","San Gabriel"
"62","405CE0280",26,26,2015-07-06,"Karin Wisenbaker","SGUR0280"," ",18,36,0,79,NA,NA,40,NA,0,0,0,0,0,0," ",20,90,30,26,90,12,NA,"C",NA," "," "," "," ",3,3,NA,"SMCHydromod_SGRRMP_2015",105,NA,3,"LOW",1,21,0,7,11,0,72,"LOW","HIGH","LOW","LOW","HIGH","LOW","LOW","LOW","LOW","LOW","LOW","LOW","LOW","LOW","LOW","LOW","SMC_SGRRMP_2015",NA,2016-05-05 12:24:34,"false","SMC",2019-01-23 00:00:00,"true","{1A2C17FF-A3DD-41BE-ABC8-9420D10C5267}",NA,NA,NA,NA,NA,NA,NA,NA,NA,NA,"405CE0280",34.23041,-117.74981,405,"Los Angeles","San Gabriel"
"64","405M10596",27,27,2015-04-27,"SM/BJ",NA," ",29,13,0,29581,NA,NA,-88,"Not in file",NA,NA,NA,NA,NA,NA," ",NA,NA,NA,NA,NA,NA,NA,"C",NA,NA," ",NA," ",1,1,NA,"Region 4 hydromod data",74,NA,3,"LOW",640,NA,NA,NA,NA,NA,NA," "," "," "," "," "," ","LOW","LOW","LOW","LOW","LOW","LOW","LOW","LOW","LOW","LOW","RWB4_SMC_2015",NA,2016-05-05 12:24:34,"true","SMC",2019-01-23 00:00:00,"true","{A93A9B9D-F9B0-45BF-BF8F-70C38F241718}",NA,NA,NA,NA,NA,NA,NA,NA,NA,NA,"405M10596",33.81024,-118.12821,405,"Los Angeles","San Gabriel"
"65","405M10598",28,28,2015-06-30,"Karin Wisenbaker","SGLR10598"," ",11,22,0,3423,NA,NA,5660,"Concrete Channel",0,0,0,0,0,0," ",90,90,90,90,90,90,NA,"C",NA," "," "," "," ",1,1,NA,"SMCHydromod_SGRRMP_2015",47,NA,3,"LOW",90,0,0,0,0,0,0,"HIGH","HIGH","HIGH","HIGH","HIGH","HIGH","LOW","LOW","LOW","LOW","LOW","LOW","LOW","LOW","LOW","LOW","SMC_SGRRMP_2015",NA,2016-05-05 12:24:34,"true","SMC",2019-01-23 00:00:00,"true","{437FE088-49A0-4392-AC17-62EE8B36323D}",NA,NA,NA,NA,NA,NA,NA,NA,NA,NA,"405M10598",34.06991,-117.77146,405,"Los Angeles","San Gabriel"
"66","405M10599",29,29,2015-06-30,"Karin Wisenbaker","SGLR10599"," ",8,15,0,35593,NA,NA,5660,"Concrete Channel",0,0,0,0,0,0," ",90,90,90,90,90,90,NA,"C",NA," "," "," "," ",1,1,NA,"SMCHydromod_SGRRMP_2015",27,NA,3,"LOW",1184,0,0,0,0,0,0,"HIGH","HIGH","HIGH","HIGH","HIGH","HIGH","LOW","LOW","LOW","LOW","LOW","LOW","LOW","LOW","LOW","LOW","SMC_SGRRMP_2015",NA,2016-05-05 12:24:34,"true","SMC",2019-01-23 00:00:00,"true","{883A2E06-A584-4687-97C8-F516B3EA7AB8}",NA,NA,NA,NA,NA,NA,NA,NA,NA,NA,"405M10599",33.95045,-118.04896,405,"Los Angeles","San Gabriel"
"67","405PS0030",30,30,2015-07-08,"Karin Wisenbaker","SGUR0030"," ",84,35,0,168,NA,NA,32,NA,0,0,0,0,0,0," ",10,25,30,13,24,20,NA,"C",NA," "," "," "," ",3,3,NA,"SMCHydromod_SGRRMP_2015",381,NA,3,"LOW",1,108,12,7,60,13,21,"LOW","LOW","LOW","LOW","LOW","LOW","LOW","LOW","LOW","LOW","LOW","LOW","LOW","LOW","LOW","LOW","SMC_SGRRMP_2015",NA,2016-05-05 12:24:34,"false","SMC",2019-01-23 00:00:00,"true","{C975C41E-BF0C-421A-A566-89B25C92AF3F}",NA,NA,NA,NA,NA,NA,NA,NA,NA,NA,"405PS0030",34.23487,-117.80523,405,"Los Angeles","San Gabriel"
"68","407M01516",31,31,2015-06-24,"Karin Wisenbaker",NA," ",7,19,0,25532,NA,NA,5660,"Concrete Channel",0,0,0,0,0,0," ",90,90,90,90,90,90,NA,"C",NA," "," "," "," ",1,1,NA,"SMCHydromod_VCWPD_2015",28,NA,3,"LOW",845,0,0,0,0,0,0,"HIGH","HIGH","HIGH","HIGH","HIGH","HIGH","LOW","LOW","LOW","LOW","LOW","LOW","LOW","LOW","LOW","LOW","SMC_VCWPD_2015",NA,2016-05-05 12:24:34,"true","SMC",2019-01-23 00:00:00,"true","{D7DF9027-06FF-4C27-9B5B-81430A0A5B68}",NA,NA,NA,NA,NA,NA,NA,NA,NA,NA,"407M01516",34.25539,-119.25498,407,"Ventura","Santa Clara"
"69","408BA0660",113,640,2017-04-27,"Karin Wisenbaker",NA,NA,135,17,0,17,NA,NA,1,"SA",0,0,0,0,0,0,NA,35,35,20,90,30,35,NA,"A","NA",NA,"NA",NA,"NA",1,1,"NA","VCWPD Hydromod SMC 2017",337,0,9,"High",0,4,4,21,0,7,4,"LOW","LOW","LOW","HIGH","LOW","LOW","LOW","LOW","LOW","LOW","LOW","LOW","LOW",NA,NA,NA,NA,NA,NA,"false","SMC",2019-01-23 00:00:00,"true","{01BF149A-9F6D-46D7-A476-C511A9FFF916}",NA,NA,NA,NA,NA,NA,NA,NA,NA,NA,"408BA0660",34.26784,-118.93781,408,"Ventura","Calleguas"
"70","408M03005",32,32,2015-06-15,"Karin Wisenbaker",NA," ",19,19,0,3862,NA,NA,5660,"Concrete Channel",0,0,0,0,0,0," ",40,90,90,40,40,40,NA,"C",NA," "," "," "," ",1,1,NA,"SMCHydromod_VCWPD_2015",67,NA,3,"LOW",87,3,0,0,3,3,3,"LOW","HIGH","HIGH","LOW","LOW","LOW","LOW","LOW","LOW","LOW","LOW","LOW","LOW","LOW","LOW","LOW","SMC_VCWPD_2015",NA,2016-05-05 12:24:34,"true","SMC",2019-01-23 00:00:00,"true","{486F7D6A-E6FF-40E6-B05D-C07D46E2411E}",NA,NA,NA,NA,NA,NA,NA,NA,NA,NA,"408M03005",34.27001,-118.74203,408,"Ventura","Calleguas"
"71","408M03015",33,33,2015-06-15,"Karin Wisenbaker",NA," ",0,15,0,2617,NA,NA,5660,"Concrete Channel",0,0,0,0,0,0," ",15,15,15,15,15,15,NA,"C",NA," "," "," "," ",1,1,NA,"SMCHydromod_VCWPD_2015",3,NA,3,"LOW",206,43,43,43,43,43,43,"LOW","LOW","LOW","LOW","LOW","LOW","LOW","LOW","LOW","LOW","LOW","LOW","LOW","LOW","LOW","LOW","SMC_VCWPD_2015",NA,2016-05-05 12:24:34,"true","SMC",2019-01-23 00:00:00,"true","{09515C19-40E3-4A3D-B2BC-DFAD043FE1C5}",NA,NA,NA,NA,NA,NA,NA,NA,NA,NA,"408M03015",34.20947,-118.88115,408,"Ventura","Calleguas"
"72","408M03019",34,34,2015-07-14,"Karin Wisenbaker",NA," ",0,15,0,1026,NA,NA,1,NA,0,0,0,0,0,0," ",62,50,17,57,45,40,NA,"A",NA," "," "," "," ",4,4,NA,"SMCHydromod_VCWPD_2015",0,NA,9,"HIGH",187,0,1,32,1,2,3,"LOW","LOW","LOW","LOW","LOW","LOW","VERY HIGH","VERY HIGH","VERY HIGH","VERY HIGH","VERY HIGH","VERY HIGH","VERY HIGH","VERY HIGH","VERY HIGH","VERY HIGH","SMC_VCWPD_2015",NA,2016-05-05 12:24:34,"false","SMC",2019-01-23 00:00:00,"true","{0E98AD19-2278-4267-BF71-8CDA0DE823C3}",NA,NA,NA,NA,NA,NA,NA,NA,NA,NA,"408M03019",34.26742,-118.94037,408,"Ventura","Calleguas"
"73","408M03038",114,641,2017-04-27,"Karin Wisenbaker",NA,NA,116,18,0,263,NA,NA,10,NA,0,0,0,0,0,0,NA,90,5,5,45,35,45,NA,"A","NA",NA,"NA",NA,"NA",1,1,"NA","VCWPD Hydromod SMC 2017",300,0,9,"High",3,0,484,484,2,4,2,"HIGH","LOW","LOW","LOW","LOW","LOW","LOW","LOW","LOW","LOW","LOW","LOW","LOW",NA,NA,NA,NA,NA,NA,"false","SMC",2019-01-23 00:00:00,"true","{EFEE277D-0546-407B-9957-763DF43F3C23}",NA,NA,NA,NA,NA,NA,NA,NA,NA,NA,"408M03038",34.27491,-118.88512,408,"Ventura","Calleguas"
"74","408M03047",115,642,2017-05-30,"Wendy Willis",NA,NA,250,17,0,17955,"Not a real valley, west end connects to Pacific Ocean",NA,1,"SA",0,0,0,0,0,0,NA,26,46,46,26,44,46,NA,"A","NA",NA,"NA",NA,"NA",1,1,"NA","VCWPD Hydromod SMC 2017",556,0,9,"High",161,11,2,2,11,2,2,"LOW","LOW","LOW","LOW","LOW","LOW","LOW","LOW","LOW","LOW","LOW","LOW","LOW",NA,NA,NA,NA,NA,NA,"false","SMC",2019-01-23 00:00:00,"true","{2878DB91-3870-4B94-9154-BB361F1503D4}",NA,NA,NA,NA,NA,NA,NA,NA,NA,NA,"408M03047",34.17338,-119.0517,408,"Ventura","Calleguas"
"75","408M03051",158,10,2019-06-17,"Alexis Wallengren","","",-88,-88,-88,-88,"",-88,-88,"",1,1,1,1,1,1,"",30,25,27,32,35,55,"","A","","NR","NR","NR","",4,4,"",NA,NA,NA,NA,"High",NA,NA,NA,NA,NA,NA,NA,NA,NA,NA,NA,NA,NA,NA,NA,NA,NA,NA,NA,"HIGH",NA,NA,NA,"SMC_VCWPD_2019",NA,NA,"No","SMC",2019-10-30 11:53:37,"false","{02DFB558-F024-441B-91E1-2DFF19FB054A}","checker",2019-10-30 11:53:37,"checker",2019-10-30 11:53:37,"ABCL","alexis@aquaticbioassay.com","VCWPD","2019","SMC",NA,"408M03051",34.26839,-118.9476,408,"Ventura","Calleguas"
"76","408M03052",116,643,2017-05-30,"Wendy Willis",NA,NA,20,16,0,21574,"Not a real valley, west end connects to Pacific Ocean",NA,-88,"RC",0,0,0,0,0,0,NA,90,90,90,90,90,90,NA,"C","NA",NA,"NA",NA,"NA",1,1,"NA","VCWPD Hydromod SMC 2017",62,0,3,"LOW",505,0,0,0,0,0,0,"HIGH","HIGH","HIGH","HIGH","HIGH","HIGH","LOW","LOW","LOW","LOW","LOW","LOW","LOW",NA,NA,NA,NA,NA,NA,"true","SMC",2019-01-23 00:00:00,"true","{02EFCB08-E457-4E13-B6D9-629088999989}",NA,NA,NA,NA,NA,NA,NA,NA,NA,NA,"408M03052",34.18063,-119.1039,408,"Ventura","Calleguas"
"77","408M03100",149,1,2019-05-09,"Karin Wisenbaker","","",-88,-88,-88,-88,"",-88,-88,"",5,5,5,5,5,5,"",65,40,75,60,55,50,"","A","","NR","NR","NR","",1,1,"",NA,NA,NA,NA,"",NA,NA,NA,NA,NA,NA,NA,NA,NA,NA,NA,NA,NA,NA,NA,NA,NA,NA,NA,"",NA,NA,NA,"SMC_VCWPD_2019",NA,NA,"No","SMC",2019-10-30 11:53:37,"false","{ACA76A65-CD9E-487E-A413-E3DD4E38E4B5}","checker",2019-10-30 11:53:37,"checker",2019-10-30 11:53:37,"ABCL","alexis@aquaticbioassay.com","VCWPD","2019","SMC",NA,"408M03100",34.1812,-119.0871,408,"Ventura","Calleguas"
"78","408M03111",164,16,2019-07-25,"Alexis Wallengren","","",-88,-88,-88,-88,"",-88,-88,"",1,1,1,1,1,1,"",61,21,55,18,34,37,"","A","","NR","NR","NR","",4,4,"",NA,NA,NA,NA,"High",NA,NA,NA,NA,NA,NA,NA,NA,NA,NA,NA,NA,NA,NA,NA,NA,NA,NA,NA,"HIGH",NA,NA,NA,"SMC_VCWPD_2019",NA,NA,"No","SMC",2019-10-30 11:53:37,"false","{703BCD83-A4AE-401A-8CF2-972DB3203D6D}","checker",2019-10-30 11:53:37,"checker",2019-10-30 11:53:37,"ABCL","alexis@aquaticbioassay.com","VCWPD","2019","SMC",NA,"408M03111",34.18105,-119.03278,408,"Ventura","Calleguas"
"83","412CE0232",182,34,2019-07-15,"Karin Wisenbaker","","",-88,-88,-88,-88,"",-88,-88,"",-88,-88,-88,-88,-88,-88,"",-88,-88,-88,-88,-88,-88,"","C","","NR","NR","NR","",1,1,"",NA,NA,NA,NA,"LOW",NA,NA,NA,NA,NA,NA,NA,NA,NA,NA,NA,NA,NA,NA,NA,NA,NA,NA,NA,"LOW",NA,NA,NA,"SMC_LARWMP_2019",NA,NA,"Yes","SMC",2019-10-31 08:58:49,"false","{374D69B1-3A88-4D53-908A-B127C1DF5280}","checker",2019-10-31 08:58:49,"checker",2019-10-31 08:58:49,"ABCL","alexis@aquaticbioassay.com","LARWMP","2019","SMC",NA,"412CE0232",34.15907,-118.45624,412,"Los Angeles","Los Angeles"
"85","412CE0232",35,35,2015-07-16,"Karin Wisenbaker","LAR0232"," ",156,17,0,16447,NA,NA,5660,"Concrete Channel",0,0,0,0,0,0," ",90,90,90,90,90,90,NA,"C",NA," "," "," "," ",1,1,NA,"SMCHydromod_LARWMP_2015",384,NA,3,"LOW",173,0,0,0,0,0,0,"HIGH","HIGH","HIGH","HIGH","HIGH","HIGH","LOW","LOW","LOW","LOW","LOW","LOW","LOW","LOW","LOW","LOW","SMC_LARWMP_2015",NA,2016-05-05 12:24:34,"true","SMC",2019-01-23 00:00:00,"true","{FF31834A-040D-4519-8780-BDBFD0905EA8}",NA,NA,NA,NA,NA,NA,NA,NA,NA,NA,"412CE0232",34.15907,-118.45624,412,"Los Angeles","Los Angeles"
"86","412CE0616",36,36,2015-07-16,"Karin Wisenbaker","LAR0616"," ",169,17,0,16447,NA,NA,5660,"Concrete Channel",0,0,0,0,0,0," ",90,90,90,90,90,90,NA,"C",NA," "," "," "," ",1,1,NA,"SMCHydromod_LARWMP_2015",411,NA,3,"LOW",168,0,0,0,0,0,0,"HIGH","HIGH","HIGH","HIGH","HIGH","HIGH","LOW","LOW","LOW","LOW","LOW","LOW","LOW","LOW","LOW","LOW","SMC_LARWMP_2015",NA,2016-05-05 12:24:34,"true","SMC",2019-01-23 00:00:00,"true","{85402BCD-DFCD-400B-A3C1-F96FF62CABBA}",NA,NA,NA,NA,NA,NA,NA,NA,NA,NA,"412CE0616",34.15397,-118.42994,412,"Los Angeles","Los Angeles"
"87","412CE0732",37,37,2015-09-02,"Karin Wisenbaker","LAR0732"," ",430,21,0,5184,NA,NA,5660,"Concrete Channel",0,0,0,0,0,0," ",90,90,90,90,90,90,NA,"C",NA," "," "," "," ",1,1,NA,"SMCHydromod_LARWMP_2015",1084,NA,3,"LOW",34,0,0,0,0,0,0,"HIGH","HIGH","HIGH","HIGH","HIGH","HIGH","LOW","LOW","LOW","LOW","LOW","LOW","LOW","LOW","LOW","LOW","SMC_LARWMP_2015",NA,2016-05-05 12:24:34,"true","SMC",2019-01-23 00:00:00,"true","{D7CA9B3E-0B8A-4B6A-8587-EF26DA9B5D48}",NA,NA,NA,NA,NA,NA,NA,NA,NA,NA,"412CE0732",34.15513,-118.31261,412,"Los Angeles","Los Angeles"
"88","412M08597",38,38,2015-07-16,"Karin Wisenbaker","LAR08597"," ",168,17,0,16447,NA,NA,5660,"Concrete Channel",0,0,0,0,0,0," ",90,90,90,90,90,90,NA,"C",NA," "," "," "," ",1,1,NA,"SMCHydromod_LARWMP_2015",409,NA,3,"LOW",168,0,0,0,0,0,0,"HIGH","HIGH","HIGH","HIGH","HIGH","HIGH","LOW","LOW","LOW","LOW","LOW","LOW","LOW","LOW","LOW","LOW","SMC_LARWMP_2015",NA,2016-05-05 12:24:34,"true","SMC",2019-01-23 00:00:00,"true","{F2893830-6951-41FC-89E9-AF8AB218AFF3}",NA,NA,NA,NA,NA,NA,NA,NA,NA,NA,"412M08597",34.15524,-118.43907,412,"Los Angeles","Los Angeles"
"89","412M08599",39,39,2015-09-30,"Wendy Wilis","LAR08599"," ",506,21,0,1589,NA,NA,100,NA,0,0,0,0,0,0," ",20,20,20,20,20,20,NA,"C",NA," "," "," "," ",1,1,NA,"SMCHydromod_LARWMP_2015",1240,NA,3,"LOW",10,21,21,21,21,21,21,"LOW","LOW","LOW","LOW","LOW","LOW","LOW","LOW","LOW","LOW","LOW","LOW","LOW","LOW","LOW","LOW","SMC_LARWMP_2015",NA,2016-05-05 12:24:34,"false","SMC",2019-01-23 00:00:00,"true","{60E7AD4E-A9BF-4687-81C4-9F9038E0DBC6}",NA,NA,NA,NA,NA,NA,NA,NA,NA,NA,"412M08599",34.10602,-118.24338,412,"Los Angeles","Los Angeles"
"90","412M08602",40,40,2015-09-30,"Wendy Wilis","LAR08602"," ",578,21,0,31515,NA,NA,5660,"Concrete Channel",0,0,0,0,0,0," ",13,13,13,13,13,13,NA,"C",NA," "," "," "," ",1,1,NA,"SMCHydromod_LARWMP_2015",1392,NA,3,"LOW",189,60,60,60,60,60,60,"LOW","LOW","LOW","LOW","LOW","LOW","LOW","LOW","LOW","LOW","LOW","LOW","LOW","LOW","LOW","LOW","SMC_LARWMP_2015",NA,2016-05-05 12:24:34,"true","SMC",2019-01-23 00:00:00,"true","{CB6D3E0C-1965-4B24-82A6-C5F747ABEFF1}",NA,NA,NA,NA,NA,NA,NA,NA,NA,NA,"412M08602",33.97131,-118.16996,412,"Los Angeles","Los Angeles"
"91","412M08641",178,30,2019-07-09,"Karin Wisenbaker","","",-88,-88,-88,-88,"",-88,-88,"",1,1,2,1,1,2,"",30,75,40,20,35,40,"","B","","C","NR","C","",2,3,"",NA,NA,NA,NA,"",NA,NA,NA,NA,NA,NA,NA,NA,NA,NA,NA,NA,NA,NA,NA,NA,NA,NA,NA,"",NA,NA,NA,"SMC_LARWMP_2019",NA,NA,"No","SMC",2019-10-31 08:58:49,"false","{3385F329-206F-472D-A12C-E823458FB9D0}","checker",2019-10-31 08:58:49,"checker",2019-10-31 08:58:49,"ABCL","alexis@aquaticbioassay.com","LARWMP","2019","SMC",NA,"412M08641",34.30548,-118.06798,412,"Los Angeles","Los Angeles"
"92","412M08645",180,32,2019-07-15,"Karin Wisenbaker","","",-88,-88,-88,-88,"",-88,-88,"",15,10,10,10,10,10,"",30,30,30,50,50,50,"","A","","NR","NR","NR","",4,4,"",NA,NA,NA,NA,"MEDIUM",NA,NA,NA,NA,NA,NA,NA,NA,NA,NA,NA,NA,NA,NA,NA,NA,NA,NA,NA,"LOW",NA,NA,NA,"SMC_LARWMP_2019",NA,NA,"No","SMC",2019-10-31 08:58:49,"false","{D20C67F2-7AED-4F5B-9A08-7E5E96372E2C}","checker",2019-10-31 08:58:49,"checker",2019-10-31 08:58:49,"ABCL","alexis@aquaticbioassay.com","LARWMP","2019","SMC",NA,"412M08645",34.28922,-118.50195,412,"Los Angeles","Los Angeles"
"93","412M08646",184,36,2019-07-16,"Alexis Wallengren","","",-88,-88,-88,-88,"",-88,-88,"",-88,-88,-88,-88,-88,-88,"",-88,-88,-88,-88,-88,-88,"","C","","NR","NR","NR","",1,1,"",NA,NA,NA,NA,"MEDIUM",NA,NA,NA,NA,NA,NA,NA,NA,NA,NA,NA,NA,NA,NA,NA,NA,NA,NA,NA,"LOW",NA,NA,NA,"SMC_LARWMP_2019",NA,NA,"Yes","SMC",2019-10-31 08:58:49,"false","{12F1534B-7A60-4E0A-A950-30AB2F812B6A}","checker",2019-10-31 08:58:49,"checker",2019-10-31 08:58:49,"ABCL","alexis@aquaticbioassay.com","LARWMP","2019","SMC",NA,"412M08646",34.1289,-118.08133,412,"Los Angeles","Los Angeles"
"94","412M08647",183,35,2019-07-16,"Alexis Wallengren","","",-88,-88,-88,-88,"",-88,-88,"",1,1,1,1,1,1,"",25,18,20,21,22,24,"","B","","C","NR","C","",3,3,"",NA,NA,NA,NA,"LOW",NA,NA,NA,NA,NA,NA,NA,NA,NA,NA,NA,NA,NA,NA,NA,NA,NA,NA,NA,"LOW",NA,NA,NA,"SMC_LARWMP_2019",NA,NA,"No","SMC",2019-10-31 08:58:49,"false","{3C4B04D5-9C15-4B38-AC3F-DF126AC488A1}","checker",2019-10-31 08:58:49,"checker",2019-10-31 08:58:49,"ABCL","alexis@aquaticbioassay.com","LARWMP","2019","SMC",NA,"412M08647",34.27872,-118.30172,412,"Los Angeles","Los Angeles"
"100","412WE0552",185,37,2019-07-23,"Karin Wisenbaker","","",-88,-88,-88,-88,"",-88,-88,"",2,5,5,2,2,2,"",20,45,45,90,35,90,"","B","","A","NR","C","",2,3,"",NA,NA,NA,NA,"LOW",NA,NA,NA,NA,NA,NA,NA,NA,NA,NA,NA,NA,NA,NA,NA,NA,NA,NA,NA,"LOW",NA,NA,NA,"SMC_LARWMP_2019",NA,NA,"No","SMC",2019-10-31 08:58:49,"false","{CC2E4068-436B-40AE-A980-C0134548B456}","checker",2019-10-31 08:58:49,"checker",2019-10-31 08:58:49,"ABCL","alexis@aquaticbioassay.com","LARWMP","2019","SMC",NA,"412WE0552",34.23908,-118.18059,412,"Los Angeles","Los Angeles"
"101","412WE0552",41,41,2015-08-26,"Karin Wisenbaker","LAR0552"," ",14,32,0,125,NA,NA,20,NA,0,0,0,0,0,0," ",25,33,10,30,15,5,NA,"A",NA," "," "," "," ",2,2,NA,"SMCHydromod_LARWMP_2015",75,NA,9,"HIGH",2,12,5,108,7,43,484,"LOW","LOW","LOW","LOW","LOW","LOW","VERY HIGH","VERY HIGH","HIGH","VERY HIGH","HIGH","HIGH","VERY HIGH","VERY HIGH","VERY HIGH","VERY HIGH","SMC_LARWMP_2015",NA,2016-05-05 12:24:34,"false","SMC",2019-01-23 00:00:00,"true","{DE5E18C0-14C3-40FA-92B8-B13425725DCA}",NA,NA,NA,NA,NA,NA,NA,NA,NA,NA,"412WE0552",34.23908,-118.18059,412,"Los Angeles","Los Angeles"
"102","412WE0896",42,42,2015-09-02,"Karin Wisenbaker","LAR0896"," ",93,30,0,212,NA,NA,15,NA,0,0,0,0,0,0," ",10,35,30,23,18,20,NA,"A",NA," "," "," "," ",2,2,NA,"SMCHydromod_LARWMP_2015",372,NA,9,"HIGH",2,108,4,7,15,28,21,"LOW","LOW","LOW","LOW","LOW","LOW","HIGH","VERY HIGH","VERY HIGH","VERY HIGH","HIGH","HIGH","VERY HIGH","VERY HIGH","VERY HIGH","VERY HIGH","SMC_LARWMP_2015",NA,2016-05-05 12:24:34,"false","SMC",2019-01-23 00:00:00,"true","{2D7B3E57-0B53-41F7-A809-29DE61787666}",NA,NA,NA,NA,NA,NA,NA,NA,NA,NA,"412WE0896",34.28771,-118.23008,412,"Los Angeles","Los Angeles"
"104","ME-CC",165,17,2019-07-25,"Alexis Wallengren","","",-88,-88,-88,-88,"",-88,-88,"",1,1,1,1,1,1,"",26,30,27,37,30,28,"","C","","NR","NR","NR","",1,1,"",NA,NA,NA,NA,"High",NA,NA,NA,NA,NA,NA,NA,NA,NA,NA,NA,NA,NA,NA,NA,NA,NA,NA,NA,"HIGH",NA,NA,NA,"SMC_VCWPD_2019",NA,NA,"No","SMC",2019-10-30 11:53:37,"false","{2F916B15-9B1C-439D-A419-8C1A503F45BF}","checker",2019-10-30 11:53:37,"checker",2019-10-30 11:53:37,"ABCL","alexis@aquaticbioassay.com","VCWPD","2019","SMC",NA,"ME-CC",34.17912,-119.03968,408,"Ventura","Calleguas"
"105","ME-CC",132,659,2017-05-30,"Wendy Willis",NA,NA,250,17,0,7325,NA,NA,1,"SA",0,0,0,0,0,0,NA,35,40,37,35,40,37,NA,"C","NA",NA,"NA",NA,"NA",1,1,"NA","VCWPD Hydromod SMC 2017",556,0,3,"LOW",65,4,3,4,4,3,4,"LOW","LOW","LOW","LOW","LOW","LOW","LOW","LOW","LOW","LOW","LOW","LOW","LOW",NA,NA,NA,NA,NA,NA,"false","SMC",2019-01-23 00:00:00,"true","{C868B6F6-AE20-4128-811D-11542D5B898D}",NA,NA,NA,NA,NA,NA,NA,NA,NA,NA,"ME-CC",34.17912,-119.03968,408,"Ventura","Calleguas"
"106","ME-CC",68,68,2015-06-24,"Karin Wisenbaker",NA," ",250,17,0,6328,NA,NA,1,NA,0,0,0,0,0,0," ",55,70,NA,20,90,5,"L3 not recorded","C",NA," "," "," "," ",1,1,NA,"SMCHydromod_VCWPD_2015",556,NA,3,"LOW",56,1,0,6,21,0,484,"LOW","HIGH","LOW","LOW","HIGH","LOW","LOW","LOW","LOW","LOW","LOW","LOW","LOW","LOW","LOW","LOW","SMC_VCWPD_2015",NA,2016-05-05 12:24:34,"false","SMC",2019-01-23 00:00:00,"true","{CA2A32CA-2F26-4084-9EB2-C5F6AB4A1B4D}",NA,NA,NA,NA,NA,NA,NA,NA,NA,NA,"ME-CC",34.17912,-119.03968,408,"Ventura","Calleguas"
"108","ME-SCR2",159,11,2019-06-17,"Alexis Wallengren","","",-88,-88,-88,-88,"",-88,-88,"",1,1,1,1,1,1,"",28,90,45,38,32,15,"","A","","NR","NR","NR","",4,4,"",NA,NA,NA,NA,"High",NA,NA,NA,NA,NA,NA,NA,NA,NA,NA,NA,NA,NA,NA,NA,NA,NA,NA,NA,"HIGH",NA,NA,NA,"SMC_VCWPD_2019",NA,NA,"No","SMC",2019-10-30 11:53:37,"false","{026DDB7D-954C-4070-ADE3-44270CF5150E}","checker",2019-10-30 11:53:37,"checker",2019-10-30 11:53:37,"ABCL","alexis@aquaticbioassay.com","VCWPD","2019","SMC",NA,"403M01661",34.30608,-119.09618,403,"Ventura","Santa Clara"
"109","ME-VR2",166,18,2019-07-31,"Karin Wisenbaker","","",-88,-88,-88,-88,"",-88,-88,"",3,3,2,3,3,4,"",60,50,40,60,60,40,"","C","","NR","NR","NR","",3,3,"",NA,NA,NA,NA,"LOW",NA,NA,NA,NA,NA,NA,NA,NA,NA,NA,NA,NA,NA,NA,NA,NA,NA,NA,NA,"LOW",NA,NA,NA,"SMC_VCWPD_2019",NA,NA,"No","SMC",2019-10-30 11:53:37,"false","{7A13421F-C192-488E-85CF-BB38EEF7A41E}","checker",2019-10-30 11:53:37,"checker",2019-10-30 11:53:37,"ABCL","alexis@aquaticbioassay.com","VCWPD","2019","SMC",NA,"ME-VR2",34.34584,-119.29948,402,"Ventura","Ventura"
"110","ME-VR2",69,69,2015-06-11,"Karin Wisenbaker",NA," ",188,27,0,637,NA,NA,70,NA,0,0,0,0,0,0," ",30,60,45,32,15,11,NA,"B",NA,"9"," ","9"," ",3,3,NA,"SMCHydromod_VCWPD_2015",625,NA,6,"MEDIUM",5,7,0,2,6,43,88,"LOW","HIGH","LOW","LOW","LOW","LOW","MEDIUM","MEDIUM","MEDIUM","MEDIUM","MEDIUM","MEDIUM","MEDIUM","MEDIUM","MEDIUM","MEDIUM","SMC_VCWPD_2015",NA,2016-05-05 12:24:34,"false","SMC",2019-01-23 00:00:00,"true","{6E1D9294-F105-4347-B530-6DF5BB3B2534}",NA,NA,NA,NA,NA,NA,NA,NA,NA,NA,"ME-VR2",34.34584,-119.29948,402,"Ventura","Ventura"
"111","ME-VR2",133,660,2017-06-21,"Karin Wisenbaker",NA,NA,188,27,0,636,NA,NA,50,NA,1,0,0,2,2,2,NA,20,15,23,15,75,85,NA,"C","NA",NA,"NA",NA,"NA",1,1,"NA","VCWPD Hydromod SMC 2017",625,0,3,"LOW",5,21,43,15,43,0,0,"LOW","LOW","LOW","LOW","HIGH","HIGH","LOW","LOW","LOW","LOW","LOW","LOW","LOW",NA,NA,NA,NA,NA,NA,"false","SMC",2019-01-23 00:00:00,"true","{AE52880C-9ADF-49EB-B978-F0EE2C343AE9}",NA,NA,NA,NA,NA,NA,NA,NA,NA,NA,"ME-VR2",34.34584,-119.29948,402,"Ventura","Ventura"
"112","SGLT506",134,661,2017-06-22,"DO/NC",NA,NA,104,22,0,13928,NA,NA,-88,NA,4,4,4,4,4,4,NA,35,35,35,35,35,35,NA,"B","NA","9","NA","6","NA",5,5,"NA","LACFCD_Weston_2017_SMCHydromodTemplate_08_20_2015-2_More",324,0,4,"MEDIUM",158,4,4,4,4,4,4,"LOW","LOW","LOW","LOW","LOW","LOW","VERY HIGH","VERY HIGH","VERY HIGH","VERY HIGH","VERY HIGH","VERY HIGH","VERY HIGH",NA,NA,NA,NA,NA,NA,"false","SMC",2019-01-23 00:00:00,"true","{C14CAACC-9E9C-43C6-A5EC-A406651A6B15}",NA,NA,NA,NA,NA,NA,NA,NA,NA,NA,"SGLT506",34.06173,-117.99129,405,"Los Angeles","San Gabriel"
"113","SGUR3984",135,662,2017-06-29,"DO/NC",NA,NA,NA,NA,NA,NA,"Not on luStation list, might be under another name",NA,-88,NA,1,7,2,2,3,1,NA,30,80,40,35,40,15,NA,"B","NA","9","NA","9","NA",1,1,"NA","LACFCD_Weston_2017_SMCHydromodTemplate_08_20_2015-2_More",NA,NA,-88,"Unk",NA,7,0,3,4,3,43,"LOW","HIGH","LOW","LOW","HIGH","LOW","LOW","LOW","LOW","LOW","LOW","LOW","LOW",NA,NA,NA,NA,NA,NA,"false","SMC",2019-01-23 00:00:00,"true","{8FE78CEF-2E47-4ACA-B921-5CE914104B36}",NA,NA,NA,NA,NA,NA,NA,NA,NA,NA,"SMC03984",34.24613,-117.90186,405,"Los Angeles","San Gabriel"
"114","SGUT502",70,70,2015-07-06,"Karin Wisenbaker","SGUT502"," ",20,36,0,53,NA,NA,20,NA,0,0,0,0,0,0," ",28,12,35,15,70,23,NA,"C",NA," "," "," "," ",4,4,NA,"SMCHydromod_SGRRMP_2015",112,NA,3,"LOW",0,9,72,4,43,0,15,"LOW","LOW","LOW","LOW","HIGH","LOW","MEDIUM","MEDIUM","MEDIUM","MEDIUM","MEDIUM","MEDIUM","MEDIUM","MEDIUM","MEDIUM","MEDIUM","SGRRMP_2015",NA,2016-05-05 12:24:34,"false","SMC",2019-01-23 00:00:00,"true","{23CDEBB5-F3BF-4608-8610-EAB004FFB353}",NA,NA,NA,NA,NA,NA,NA,NA,NA,NA,"SGUT502",34.2283,-117.76593,405,"Los Angeles","San Gabriel"
"115","SGUT503",71,71,2015-07-08,"Karin Wisenbaker","SGUT503"," ",5,38,0,172,NA,NA,5,NA,0,0,0,0,0,0," ",20,28,26,15,25,22,NA,"C",NA," "," "," "," ",3,3,NA,"SMCHydromod_SGRRMP_2015",37,NA,3,"LOW",5,21,9,11,43,12,17,"LOW","LOW","LOW","LOW","LOW","LOW","MEDIUM","MEDIUM","MEDIUM","MEDIUM","MEDIUM","MEDIUM","MEDIUM","MEDIUM","MEDIUM","MEDIUM","SGRRMP_2015",NA,2016-05-05 12:24:34,"false","SMC",2019-01-23 00:00:00,"true","{061CCC0D-599C-414D-BE30-24B8D0D2940B}",NA,NA,NA,NA,NA,NA,NA,NA,NA,NA,"SGUT503",34.29216,-117.83856,405,"Los Angeles","San Gabriel"
"116","SMC00027",160,12,2019-06-18,"Alexis Wallengren","","",-88,-88,-88,-88,"",-88,-88,"",1,1,1,1,1,1,"",35,32,25,38,47,39,"","A","","NR","NR","NR","",4,3,"",NA,NA,NA,NA,"High",NA,NA,NA,NA,NA,NA,NA,NA,NA,NA,NA,NA,NA,NA,NA,NA,NA,NA,NA,"HIGH",NA,NA,NA,"SMC_VCWPD_2019",NA,NA,"No","SMC",2019-10-30 11:53:37,"false","{D5C966C6-EDD9-403E-BB0D-3ED409421F0B}","checker",2019-10-30 11:53:37,"checker",2019-10-30 11:53:37,"ABCL","alexis@aquaticbioassay.com","VCWPD","2019","SMC",NA,"403BA0027",34.66254,-119.05249,403,"Ventura","Santa Clara"
"117","SMC00027",136,663,2017-06-13,"Wendy Willis",NA,NA,30,28,0,194,"Took width measurement upstream, moved to be more representative",NA,40,NA,0,0,0,0,0,0,NA,45,27,53,30,25,32,NA,"B","NA","9","NA","9","NA",2,4,"NA","VCWPD Hydromod SMC 2017",132,0,6,"MEDIUM",3,2,10,1,7,12,6,"LOW","LOW","LOW","LOW","LOW","LOW","HIGH","HIGH","HIGH","HIGH","HIGH","HIGH","HIGH",NA,NA,NA,NA,NA,NA,"false","SMC",2019-01-23 00:00:00,"true","{BDAD654D-A152-485E-9163-EC5DCFE1B15E}",NA,NA,NA,NA,NA,NA,NA,NA,NA,NA,"403BA0027",34.66254,-119.05249,403,"Ventura","Santa Clara"
"119","SMC00027",72,72,2015-07-13,"Wendy Willis",NA," ",30,28,0,93,"Look for site SMC000027",NA,1,NA,0,2,1,0,1,1," ",46,21,43,39,40,58,NA,"A",NA," "," "," "," ",4,3,NA,"SMCHydromod_VCWPD_2015",132,NA,9,"HIGH",1,2,19,2,3,3,0,"LOW","LOW","LOW","LOW","LOW","HIGH","HIGH","HIGH","HIGH","MEDIUM","MEDIUM","MEDIUM","MEDIUM","HIGH","MEDIUM","HIGH","SMC_VCWPD_2015",NA,2016-05-05 12:24:34,"false","SMC",2019-01-23 00:00:00,"true","{A6EE2F4C-7364-420A-ADC7-20DFB29998B8}",NA,NA,NA,NA,NA,NA,NA,NA,NA,NA,"403BA0027",34.66254,-119.05249,403,"Ventura","Santa Clara"
"121","SMC00036",73,73,2015-06-15,"Karin Wisenbaker",NA," ",2,15,0,2617,NA,NA,9,NA,0,0,0,0,0,0," ",37,65,20,20,22,55,NA,"C",NA," "," "," "," ",5,5,NA,"SMCHydromod_VCWPD_2015",8,NA,3,"LOW",145,4,0,21,21,17,1,"LOW","LOW","LOW","LOW","LOW","LOW","VERY HIGH","VERY HIGH","VERY HIGH","VERY HIGH","VERY HIGH","VERY HIGH","VERY HIGH","VERY HIGH","VERY HIGH","VERY HIGH","SMC_VCWPD_2015",NA,2016-05-05 12:24:34,"false","SMC",2019-01-23 00:00:00,"true","{030AAEB6-E133-411F-809D-B8DF9790824F}",NA,NA,NA,NA,NA,NA,NA,NA,NA,NA,"408BA0036",34.21502,-118.87899,408,"Ventura","Calleguas"
"122","SMC00036",137,664,2017-04-27,"Karin Wisenbaker",NA,NA,2,15,0,4133,NA,NA,9,NA,0,0,0,0,0,0,NA,20,90,5,20,35,90,NA,"A","NA",NA,"NA",NA,"NA",1,1,"NA","VCWPD Hydromod SMC 2017",8,0,9,"High",230,21,0,484,21,4,0,"LOW","HIGH","LOW","LOW","LOW","HIGH","LOW","LOW","LOW","LOW","LOW","LOW","LOW",NA,NA,NA,NA,NA,NA,"false","SMC",2019-01-23 00:00:00,"true","{C9238E30-7459-4DBA-83DA-8E0F3B609C54}",NA,NA,NA,NA,NA,NA,NA,NA,NA,NA,"408BA0036",34.21502,-118.87899,408,"Ventura","Calleguas"
"123","SMC00047",151,3,2019-05-15,"Alexis Wallengren","","",-88,-88,-88,-88,"",-88,-88,"",1,1,1,1,1,1,"",25,37,21,35,7,28,"","A","","NR","NR","NR","",4,4,"",NA,NA,NA,NA,"High",NA,NA,NA,NA,NA,NA,NA,NA,NA,NA,NA,NA,NA,NA,NA,NA,NA,NA,NA,"LOW",NA,NA,NA,"SMC_VCWPD_2019",NA,NA,"No","SMC",2019-10-30 11:53:37,"false","{EB0612B8-A33A-47C6-8D1A-A39A51884F18}","checker",2019-10-30 11:53:37,"checker",2019-10-30 11:53:37,"ABCL","alexis@aquaticbioassay.com","VCWPD","2019","SMC",NA,"403BA0047",34.27084,-119.1524,403,"Ventura","Santa Clara"
"124","SMC00136",74,74,2015-06-09,"SM",NA," ",23,18,0,28,"Look for site SMC00136 in luStation of SMC_ReadOnly access file",NA,30,"Not in file",0,0,0,0,0,0," ",7,8,4,6,11,10,NA,"B",NA,"9"," ","9"," ",3,3,NA,"Region 4 hydromod data",75,NA,6,"MEDIUM",0,236,177,772,329,88,108,"LOW","LOW","LOW","LOW","LOW","LOW","LOW","LOW","LOW","LOW","LOW","LOW","LOW","LOW","LOW","LOW","RWB4_SMC_2015",NA,2016-05-05 12:24:34,"false","SMC",2019-01-23 00:00:00,"true","{619907CA-E9C8-4633-B175-BD648D6C5787}",NA,NA,NA,NA,NA,NA,NA,NA,NA,NA,"403BA0136",34.51202,-118.45038,403,"Los Angeles","Santa Clara"
"125","SMC00271",162,14,2019-06-19,"Alexis Wallengren","","",-88,-88,-88,-88,"",-88,-88,"",1,1,1,1,1,1,"",36,50,24,14,30,32,"","B","","C","NR","NR","",3,3,"",NA,NA,NA,NA,"LOW",NA,NA,NA,NA,NA,NA,NA,NA,NA,NA,NA,NA,NA,NA,NA,NA,NA,NA,NA,"LOW",NA,NA,NA,"SMC_VCWPD_2019",NA,NA,"No","SMC",2019-10-30 11:53:37,"false","{B63989A3-1369-40CD-B51F-A27E61C08810}","checker",2019-10-30 11:53:37,"checker",2019-10-30 11:53:37,"ABCL","alexis@aquaticbioassay.com","VCWPD","2019","SMC",NA,"403M01539",34.5485,-119.16547,403,"Ventura","Santa Clara"
"126","SMC00271",76,76,2015-08-13,"Karin Wisenbaker",NA," ",9,27,0,142,NA,NA,62,NA,0,0,0,0,0,0," ",40,60,40,35,30,20,NA,"C",NA," "," "," "," ",3,3,NA,"SMCHydromod_VCWPD_2015",47,NA,3,"LOW",3,3,0,3,4,7,21,"LOW","LOW","LOW","LOW","LOW","LOW","MEDIUM","MEDIUM","MEDIUM","MEDIUM","MEDIUM","MEDIUM","MEDIUM","MEDIUM","MEDIUM","MEDIUM","SMC_VCWPD_2015",NA,2016-05-05 12:24:34,"false","SMC",2019-01-23 00:00:00,"true","{799CA567-6741-4F8D-9FBA-BC86E053AC38}",NA,NA,NA,NA,NA,NA,NA,NA,NA,NA,"403M01539",34.5485,-119.16547,403,"Ventura","Santa Clara"
"127","SMC00271",141,668,2017-04-20,"Wendy Willis",NA,NA,9,27,0,82,NA,NA,60,NA,0,0,1,0,0,1,NA,30,22,43,24,33,48,NA,"C","NA",NA,"NA",NA,"NA",3,2,"NA","VCWPD Hydromod SMC 2017",47,0,3,"LOW",2,7,17,2,13,5,1,"LOW","LOW","LOW","LOW","LOW","LOW","MEDIUM","MEDIUM","MEDIUM","HIGH","HIGH","HIGH","MEDIUM",NA,NA,NA,NA,NA,NA,"false","SMC",2019-01-23 00:00:00,"true","{618C17D4-EFE9-4D1D-B0FC-FB6396941B75}",NA,NA,NA,NA,NA,NA,NA,NA,NA,NA,"403M01539",34.5485,-119.16547,403,"Ventura","Santa Clara"
"129","SMC00318",187,39,2019-08-07,"Karin Wisenbaker","","",-88,-88,-88,-88,"",-88,-88,"",-88,-88,-88,-88,-88,-88,"",-88,-88,-88,-88,-88,-88,"","C","","NR","NR","NR","",1,1,"",NA,NA,NA,NA,"LOW",NA,NA,NA,NA,NA,NA,NA,NA,NA,NA,NA,NA,NA,NA,NA,NA,NA,NA,NA,"LOW",NA,NA,NA,"SMC_LARWMP_2019",NA,NA,"Yes","SMC",2019-10-31 08:58:49,"false","{5468A196-D242-457B-8105-8E064D425B86}","checker",2019-10-31 08:58:49,"checker",2019-10-31 08:58:49,"ABCL","alexis@aquaticbioassay.com","LARWMP","2019","SMC",NA,"SMC00318",33.81287,-118.20558,412,"Los Angeles","Los Angeles"
"130","SMC00324",77,77,2015-06-17,"Karin Wisenbaker","ME-SCR"," ",1560,21,0,3992,NA,NA,0,NA,0,0,0,0,0,0," ",20,90,85,10,60,20,NA,"A",NA," "," "," "," ",4,4,NA,"SMCHydromod_VCWPD_2015",3220,NA,9,"HIGH",16,21,0,0,108,0,21,"LOW","HIGH","HIGH","LOW","LOW","LOW","VERY HIGH","VERY HIGH","VERY HIGH","VERY HIGH","VERY HIGH","VERY HIGH","VERY HIGH","VERY HIGH","VERY HIGH","VERY HIGH","SMC_VCWPD_2015",NA,2016-05-05 12:24:34,"false","SMC",2019-01-23 00:00:00,"true","{934DDE35-544A-4815-9ADA-3470CCF60AFD}",NA,NA,NA,NA,NA,NA,NA,NA,NA,NA,"ME-SCR",34.30063,-119.1097,403,"Ventura","Santa Clara"
"131","SMC00520",78,78,2015-08-26,"Karin Wisenbaker","LAR00520"," ",110,30,0,149,NA,NA,1,NA,0,0,0,0,0,0," ",24,23,18,18,25,20,NA,"A",NA," "," "," "," ",4,1,NA,"SMCHydromod_LARWMP_2015",421,NA,9,"HIGH",1,13,15,28,28,12,21,"LOW","LOW","LOW","LOW","LOW","LOW","HIGH","HIGH","HIGH","LOW","LOW","LOW","MEDIUM","HIGH","LOW","HIGH","SMC_LARWMP_2015",NA,2016-05-05 12:24:34,"false","SMC",2019-01-23 00:00:00,"true","{960AF57E-4F10-49F2-8DEF-3A7DF2E72AEE}",NA,NA,NA,NA,NA,NA,NA,NA,NA,NA,"SMC00520",34.29626,-118.28252,412,"Los Angeles","Los Angeles"
"133","SMC00544",188,40,2019-06-27,"Karin Wisenbaker","","",-88,-88,-88,-88,"",-88,-88,"",10,6,2,4,3,2,"",55,80,60,45,770,40,"","B","","C","","C","",4,4,"",NA,NA,NA,NA,"",NA,NA,NA,NA,NA,NA,NA,NA,NA,NA,NA,NA,NA,NA,NA,NA,NA,NA,NA,"",NA,NA,NA,"SMC_SGRRMP_2019",NA,NA,"No","SMC",2019-10-31 09:25:05,"false","{EF652EBB-DCB0-4DC6-84FD-282CE7B269A5}","checker",2019-10-31 09:25:05,"checker",2019-10-31 09:25:05,"ABCL","alexis@aquaticbioassay.com","SGRRMP","2019","SMC",NA,"SMC00544",34.14677,-117.74153,405,"Los Angeles","San Gabriel"
"135","SMC00608",189,41,2019-07-22,"Alexis Wallengren","","",-88,-88,-88,-88,"",-88,-88,"",-88,-88,-88,-88,-88,-88,"",-88,-88,-88,-88,-88,-88,"","C","","NR","NR","NR","",1,1,"",NA,NA,NA,NA,"MEDIUM",NA,NA,NA,NA,NA,NA,NA,NA,NA,NA,NA,NA,NA,NA,NA,NA,NA,NA,NA,"MEDIUM",NA,NA,NA,"SMC_SGRRMP_2019",NA,NA,"Yes","SMC",2019-10-31 09:25:05,"false","{E39B5058-87BF-40A1-91C0-5BC440DD842F}","checker",2019-10-31 09:25:05,"checker",2019-10-31 09:25:05,"ABCL","alexis@aquaticbioassay.com","SGRRMP","2019","SMC",NA,"SMC00608",34.12344,-117.90223,405,"Los Angeles","San Gabriel"
"136","SMC00660",79,79,2015-07-14,"Karin Wisenbaker",NA," ",135,17,0,1026,NA,NA,1,NA,0,0,0,0,0,0," ",30,30,15,15,40,25,NA,"A",NA," "," "," "," ",4,4,NA,"SMCHydromod_VCWPD_2015",337,NA,9,"HIGH",11,7,7,43,43,3,12,"LOW","LOW","LOW","LOW","LOW","LOW","VERY HIGH","VERY HIGH","VERY HIGH","VERY HIGH","VERY HIGH","VERY HIGH","VERY HIGH","VERY HIGH","VERY HIGH","VERY HIGH","SMC_VCWPD_2015",NA,2016-05-05 12:24:34,"false","SMC",2019-01-23 00:00:00,"true","{05395610-18FE-450A-9BED-5467C702BC10}",NA,NA,NA,NA,NA,NA,NA,NA,NA,NA,"408BA0660",34.26784,-118.93781,408,"Ventura","Calleguas"
"137","SMC00660",157,9,2019-06-17,"Alexis Wallengren","","",-88,-88,-88,-88,"",-88,-88,"",1,1,1,1,1,1,"",30,30,35,30,30,30,"","A","","NR","NR","NR","",4,4,"",NA,NA,NA,NA,"MEDIUM",NA,NA,NA,NA,NA,NA,NA,NA,NA,NA,NA,NA,NA,NA,NA,NA,NA,NA,NA,"MEDIUM",NA,NA,NA,"SMC_VCWPD_2019",NA,NA,"No","SMC",2019-10-30 11:53:37,"false","{31066991-7B28-41D2-9B21-94D3BA29B2EE}","checker",2019-10-30 11:53:37,"checker",2019-10-30 11:53:37,"ABCL","alexis@aquaticbioassay.com","VCWPD","2019","SMC",NA,"408BA0660",34.26784,-118.93781,408,"Ventura","Calleguas"
"139","SMC00686",196,48,2019-08-07,"Karin Wisenbaker","","",-88,-88,-88,-88,"",-88,-88,"",1,1,0,1,1,1,"",10,10,10,20,40,30,"","A","","NR","NR","NR","",2,2,"",NA,NA,NA,NA,"LOW",NA,NA,NA,NA,NA,NA,NA,NA,NA,NA,NA,NA,NA,NA,NA,NA,NA,NA,NA,"LOW",NA,NA,NA,"SMC_SGRRMP_2019",NA,NA,"No","SMC",2019-10-31 09:25:05,"false","{38E5EFC6-4941-40F2-9D84-DB14179B0653}","checker",2019-10-31 09:25:05,"checker",2019-10-31 09:25:05,"ABCL","alexis@aquaticbioassay.com","SGRRMP","2019","SMC",NA,"SMC00686",34.0322,-117.83819,405,"Los Angeles","San Gabriel"
"141","SMC00836",142,669,2017-06-21,"Karin Wisenbaker",NA,NA,75,15,0,7592,NA,NA,1,"SA",0,0,0,0,0,0,NA,10,66,19,38,72,20,NA,"A","NA",NA,"NA",NA,"NA",1,1,"NA","VCWPD Hydromod SMC 2017",185,0,9,"High",110,108,0,24,3,0,21,"LOW","LOW","LOW","LOW","HIGH","LOW","LOW","LOW","LOW","LOW","LOW","LOW","LOW",NA,NA,NA,NA,NA,NA,"false","SMC",2019-01-23 00:00:00,"true","{9BE5D609-5A94-425C-9797-69D58F9AE224}",NA,NA,NA,NA,NA,NA,NA,NA,NA,NA,"408BA0836",34.19071,-119.00511,408,"Ventura","Calleguas"
"142","SMC00836",163,15,2019-07-25,"Alexis Wallengren","","",-88,-88,-88,-88,"",-88,-88,"",1,1,1,1,1,1,"",48,18,27,30,46,27,"","A","","NR","NR","NR","",4,4,"",NA,NA,NA,NA,"NA",NA,NA,NA,NA,NA,NA,NA,NA,NA,NA,NA,NA,NA,NA,NA,NA,NA,NA,NA,"NA",NA,NA,NA,"SMC_VCWPD_2019",NA,NA,"No","SMC",2019-10-30 11:53:37,"false","{BA1055FE-E50A-409F-8289-65EF7538B22B}","checker",2019-10-30 11:53:37,"checker",2019-10-30 11:53:37,"ABCL","alexis@aquaticbioassay.com","VCWPD","2019","SMC",NA,"408BA0836",34.19071,-119.00511,408,"Ventura","Calleguas"
"143","SMC00836",81,81,2015-06-24,"Karin Wisenbaker",NA," ",75,15,0,7370,NA,NA,1,NA,0,0,0,0,0,0," ",85,40,35,55,90,70,NA,"A",NA," "," "," "," ",2,2,NA,"SMCHydromod_VCWPD_2015",185,NA,9,"HIGH",107,0,3,4,1,0,0,"HIGH","LOW","LOW","LOW","HIGH","LOW","VERY HIGH","VERY HIGH","VERY HIGH","VERY HIGH","VERY HIGH","VERY HIGH","VERY HIGH","VERY HIGH","VERY HIGH","VERY HIGH","SMC_VCWPD_2015",NA,2016-05-05 12:24:34,"false","SMC",2019-01-23 00:00:00,"true","{D8FE6DCC-DD5E-45EA-BA14-B35357B0C165}",NA,NA,NA,NA,NA,NA,NA,NA,NA,NA,"408BA0836",34.19071,-119.00511,408,"Ventura","Calleguas"
"144","SMC01004",181,33,2019-07-15,"Karin Wisenbaker","","",-88,-88,-88,-88,"",-88,-88,"",-88,-88,-88,-88,-88,-88,"",-88,-88,-88,-88,-88,-88,"","C","","NR","NR","NR","",1,1,"",NA,NA,NA,NA,"High",NA,NA,NA,NA,NA,NA,NA,NA,NA,NA,NA,NA,NA,NA,NA,NA,NA,NA,NA,"MEDIUM",NA,NA,NA,"SMC_LARWMP_2019",NA,NA,"Yes","SMC",2019-10-31 08:58:49,"false","{BE5DF984-9A52-4255-9C58-14A7A52CE577}","checker",2019-10-31 08:58:49,"checker",2019-10-31 08:58:49,"ABCL","alexis@aquaticbioassay.com","LARWMP","2019","SMC",NA,"SMC01004",34.15016,-118.16579,412,"Los Angeles","Los Angeles"
"146","SMC01248",197,49,2019-08-08,"Alexis Wallengren","","",-88,-88,-88,-88,"",-88,-88,"",1,1,1,1,1,1,"",59,34,39,52,18,49,"","C","","NR","NR","NR","",1,1,"",NA,NA,NA,NA,"High",NA,NA,NA,NA,NA,NA,NA,NA,NA,NA,NA,NA,NA,NA,NA,NA,NA,NA,NA,"MEDIUM",NA,NA,NA,"SMC_SGRRMP_2019",NA,NA,"No","SMC",2019-10-31 09:25:05,"false","{4E92B3B1-AA74-4F02-92CD-D234B4086FEB}","checker",2019-10-31 09:25:05,"checker",2019-10-31 09:25:05,"ABCL","alexis@aquaticbioassay.com","SGRRMP","2019","SMC",NA,"SMC01248",34.25895,-117.74499,405,"Los Angeles","San Gabriel"
"147","SMC01260",195,47,2019-08-05,"Alexis Wallengren","","",-88,-88,-88,-88,"",-88,-88,"",-88,-88,-88,-88,-88,-88,"",-88,-88,-88,-88,-88,-88,"","C","","NR","NR","NR","",1,1,"",NA,NA,NA,NA,"MEDIUM",NA,NA,NA,NA,NA,NA,NA,NA,NA,NA,NA,NA,NA,NA,NA,NA,NA,NA,NA,"LOW",NA,NA,NA,"SMC_SGRRMP_2019",NA,NA,"Yes","SMC",2019-10-31 09:25:05,"false","{3CB28C61-6418-412E-989D-EDD123E7353C}","checker",2019-10-31 09:25:05,"checker",2019-10-31 09:25:05,"ABCL","alexis@aquaticbioassay.com","SGRRMP","2019","SMC",NA,"SMC01260",34.06502,-117.97473,405,"Los Angeles","San Gabriel"
"148","SMC01384",230,82,2019-07-08,"Damon Owen","","",-88,-88,-88,-88,"",-88,-88,"",1,1,2,2,10,2,"",35,25,35,35,90,25,"","C","","NR","NR","NR","",3,3,"",NA,NA,NA,NA,"LOW",NA,NA,NA,NA,NA,NA,NA,NA,NA,NA,NA,NA,NA,NA,NA,NA,NA,NA,NA,"LOW",NA,NA,NA,"SMC_LACFCD_2019",NA,NA,"No","SMC",2020-01-30 15:36:24,"false","{1D362340-E4EF-4D4F-8B98-BF2DEFF31BE3}","checker",2020-01-30 15:36:24,"checker",2020-01-30 15:36:24,"WestonSolu","damon.owen@westonsolutions.com","LACFCD","2019","SMC",NA,"SMC01384",34.0646,-118.70091,404,"Los Angeles","Santa Monica Bay"
"150","SMC01384",84,84,2015-06-30,"DO/MM",NA," ",106,19,0,79,NA,NA,37,NA,2,2,2,1,1,1," ",30,40,40,30,20,30,NA,"B",NA,"3"," ","9"," ",5,5,NA,"LA SMC tblHydromod (2)",292,NA,5,"MEDIUM",0,7,3,3,7,21,7,"LOW","LOW","LOW","LOW","LOW","LOW","HIGH","HIGH","HIGH","HIGH","HIGH","HIGH","HIGH","HIGH","HIGH","HIGH","SMC_LACFCD_2015",NA,2016-05-05 12:24:34,"false","SMC",2019-01-23 00:00:00,"true","{0B6541D5-D3A5-4076-83DC-56F6426C6A0C}",NA,NA,NA,NA,NA,NA,NA,NA,NA,NA,"SMC01384",34.0646,-118.70091,404,"Los Angeles","Santa Monica Bay"
"151","SMC01384",145,672,2017-06-07,"DO/NC",NA,NA,106,19,0,37,NA,NA,-88,NA,1,2,3,2,1,1,NA,25,35,45,35,25,35,NA,"B","NA","9","NA","9","NA",2,2,"NA","LACFCD_Weston_2017_SMCHydromodTemplate_08_20_2015-2_More",292,0,5,"MEDIUM",0,12,4,2,4,12,4,"LOW","LOW","HIGH","LOW","LOW","LOW","MEDIUM","MEDIUM","MEDIUM","MEDIUM","MEDIUM","MEDIUM","MEDIUM",NA,NA,NA,NA,NA,NA,"false","SMC",2019-01-23 00:00:00,"true","{969BD6C4-C017-499E-880F-957359AFC063}",NA,NA,NA,NA,NA,NA,NA,NA,NA,NA,"SMC01384",34.0646,-118.70091,404,"Los Angeles","Santa Monica Bay"
"153","SMC01640",146,673,2017-06-07,"DO/NC",NA,NA,9,18,0,409,NA,NA,-88,NA,NA,NA,NA,NA,NA,NA,NA,NA,NA,NA,NA,NA,NA,NA,NA,"NA",NA,"NA",NA,"NA",1,1,"NA","LACFCD_Weston_2017_SMCHydromodTemplate_08_20_2015-2_More",33,0,3,"LOW",12,NA,NA,NA,NA,NA,NA,NA,NA,NA,NA,NA,NA,"LOW","LOW","LOW","LOW","LOW","LOW","LOW",NA,NA,NA,NA,NA,NA,"true","SMC",2019-01-23 00:00:00,"true","{8B3974B7-E746-4BBB-A37E-B648EF04AEAC}",NA,NA,NA,NA,NA,NA,NA,NA,NA,NA,"SMC01640",34.15335,-118.69679,404,"Los Angeles","Santa Monica Bay"
"154","SMC01640",229,81,2019-07-08,"Damon Owen","","",-88,-88,-88,-88,"",-88,-88,"",-88,-88,-88,-88,-88,-88,"",-88,-88,-88,-88,-88,-88,"","C","","NR","NR","A","",1,1,"",NA,NA,NA,NA,"",NA,NA,NA,NA,NA,NA,NA,NA,NA,NA,NA,NA,NA,NA,NA,NA,NA,NA,NA,"",NA,NA,NA,"SMC_LACFCD_2019",NA,NA,"Yes","SMC",2020-01-30 15:36:24,"false","{F3676743-C7D2-43DF-AB8C-91A352FA1AF8}","checker",2020-01-30 15:36:24,"checker",2020-01-30 15:36:24,"WestonSolu","damon.owen@westonsolutions.com","LACFCD","2019","SMC",NA,"SMC01640",34.15335,-118.69679,404,"Los Angeles","Santa Monica Bay"
"156","SMC01640",85,85,2015-06-30,"DO/MM",NA," ",9,18,0,374,NA,NA,5660,NA,NA,NA,NA,NA,NA,NA," ",NA,NA,NA,NA,NA,NA,NA,NA,NA,NA," ",NA," ",NA,NA,NA,"LA SMC tblHydromod (2)",33,NA,3,"LOW",11,NA,NA,NA,NA,NA,NA," "," "," "," "," "," ","Unk","Unk","Unk","Unk","Unk","Unk"," "," "," "," ","SMC_LACFCD_2015",NA,2016-05-05 12:24:34,"true","SMC",2019-01-23 00:00:00,"true","{B7EFDCA9-F4DE-4029-8E5D-1FC89844FC6F}",NA,NA,NA,NA,NA,NA,NA,NA,NA,NA,"SMC01640",34.15335,-118.69679,404,"Los Angeles","Santa Monica Bay"
"157","SMC01808",179,31,2019-07-09,"Karin Wisenbaker","","",-88,-88,-88,-88,"",-88,-88,"",2,2,1,5,2,1,"",60,30,70,50,45,40,"","B","","C","NR","C","",3,3,"",NA,NA,NA,NA,"MEDIUM",NA,NA,NA,NA,NA,NA,NA,NA,NA,NA,NA,NA,NA,NA,NA,NA,NA,NA,NA,"LOW",NA,NA,NA,"SMC_LARWMP_2019",NA,NA,"No","SMC",2019-10-31 08:58:49,"false","{95872FCE-C53D-498E-BB4A-47BF0C4D183F}","checker",2019-10-31 08:58:49,"checker",2019-10-31 08:58:49,"ABCL","alexis@aquaticbioassay.com","LARWMP","2019","SMC",NA,"SMC01808",34.3094,-118.07316,412,"Los Angeles","Los Angeles"
"162","SMC03216",193,45,2019-07-24,"Karin Wisenbaker","","",-88,-88,-88,-88,"",-88,-88,"",2,1,2,3,3,2,"",70,45,25,70,60,70,"","B","","A","NR","C","",3,3,"",NA,NA,NA,NA,"LOW",NA,NA,NA,NA,NA,NA,NA,NA,NA,NA,NA,NA,NA,NA,NA,NA,NA,NA,NA,"LOW",NA,NA,NA,"SMC_SGRRMP_2019",NA,NA,"No","SMC",2019-10-31 09:25:05,"false","{FBA9F39B-25B1-4B61-8A40-DBC07986F964}","checker",2019-10-31 09:25:05,"checker",2019-10-31 09:25:05,"ABCL","alexis@aquaticbioassay.com","SGRRMP","2019","SMC",NA,"SMC03216",34.28092,-117.84093,405,"Los Angeles","San Gabriel"
"163","SMC03280",192,44,2019-07-24,"Karin Wisenbaker","","",-88,-88,-88,-88,"",-88,-88,"",2,3,2,3,2,3,"",40,60,60,30,45,55,"","C","","NR","NR","NR","",3,3,"",NA,NA,NA,NA,"LOW",NA,NA,NA,NA,NA,NA,NA,NA,NA,NA,NA,NA,NA,NA,NA,NA,NA,NA,NA,"LOW",NA,NA,NA,"SMC_SGRRMP_2019",NA,NA,"No","SMC",2019-10-31 09:25:05,"false","{EA94584D-9A3E-439E-8B46-8A0B401BAED6}","checker",2019-10-31 09:25:05,"checker",2019-10-31 09:25:05,"ABCL","alexis@aquaticbioassay.com","SGRRMP","2019","SMC",NA,"SMC03280",34.25685,-117.85652,405,"Los Angeles","San Gabriel"
"164","SMC03452",198,50,2019-08-15,"Karin Wisenbaker","","",-88,-88,-88,-88,"",-88,-88,"",3,4,40,3,3,4,"",70,85,90,50,70,80,"","C","","NR","NR","NR","",3,3,"",NA,NA,NA,NA,"LOW",NA,NA,NA,NA,NA,NA,NA,NA,NA,NA,NA,NA,NA,NA,NA,NA,NA,NA,NA,"LOW",NA,NA,NA,"SMC_SGRRMP_2019",NA,NA,"No","SMC",2019-10-31 09:25:05,"false","{EC5EB236-9F53-48BC-9704-D0ED9ED540EB}","checker",2019-10-31 09:25:05,"checker",2019-10-31 09:25:05,"ABCL","alexis@aquaticbioassay.com","SGRRMP","2019","SMC",NA,"SMC03452",34.30354,-117.8323,405,"Los Angeles","San Gabriel"
"166","SMC04204",186,38,2019-07-30,"Alexis Wallengren","","",-88,-88,-88,-88,"",-88,-88,"",1,1,1,1,1,1,"",55,31,45,29,37,34,"","C","","NR","NR","NR","",3,3,"",NA,NA,NA,NA,"MEDIUM",NA,NA,NA,NA,NA,NA,NA,NA,NA,NA,NA,NA,NA,NA,NA,NA,NA,NA,NA,"LOW",NA,NA,NA,"SMC_LARWMP_2019",NA,NA,"No","SMC",2019-10-31 08:58:49,"false","{3A07A1B3-663F-4C50-8FEC-FBBD6D262839}","checker",2019-10-31 08:58:49,"checker",2019-10-31 08:58:49,"ABCL","alexis@aquaticbioassay.com","LARWMP","2019","SMC",NA,"412S04204",34.20358,-118.01853,412,"Los Angeles","Los Angeles"
"173","SMC12862",191,43,2019-07-22,"Alexis Wallengren","","",-88,-88,-88,-88,"",-88,-88,"",-88,-88,-88,-88,-88,-88,"",-88,-88,-88,-88,-88,-88,"","C","","NR","NR","NR","",1,1,"",NA,NA,NA,NA,"LOW",NA,NA,NA,NA,NA,NA,NA,NA,NA,NA,NA,NA,NA,NA,NA,NA,NA,NA,NA,"LOW",NA,NA,NA,"SMC_SGRRMP_2019",NA,NA,"Yes","SMC",2019-10-31 09:25:05,"false","{96E0FB1E-9F7B-4EF0-BC19-B57BF639AA39}","checker",2019-10-31 09:25:05,"checker",2019-10-31 09:25:05,"ABCL","alexis@aquaticbioassay.com","SGRRMP","2019","SMC",NA,"SMC12862",33.92148,-118.11149,405,"Los Angeles","San Gabriel"
"175","SMC20032",190,42,2019-07-22,"Alexis Wallengren","","",-88,-88,-88,-88,"",-88,-88,"",-88,-88,-88,-88,-88,-88,"",-88,-88,-88,-88,-88,-88,"","C","","NR","NR","NR","",1,1,"",NA,NA,NA,NA,"LOW",NA,NA,NA,NA,NA,NA,NA,NA,NA,NA,NA,NA,NA,NA,NA,NA,NA,NA,NA,"LOW",NA,NA,NA,"SMC_SGRRMP_2019",NA,NA,"Yes","SMC",2019-10-31 09:25:05,"false","{43B2E920-6207-4566-850E-92EBBFFA91A3}","checker",2019-10-31 09:25:05,"checker",2019-10-31 09:25:05,"ABCL","alexis@aquaticbioassay.com","SGRRMP","2019","SMC",NA,"SMC20032",33.87664,-118.10774,405,"Los Angeles","San Gabriel"
